"ROW_ID","REQUEST_ID","STATUS","MESSAGE","REQUEST_DATE","CURRENCY_CODE","GL_DATE","EXCHANGE_DATE","EXCHANGE_RATE_TYPE","RECEIPT_METHOD_NAME","RECEIPT_NUMBER","BANK_ACC_NUMBER","REC_ACTIVITY_NAME","AMOUNT","RECEIPT_DATE","REGION","INTEG_MODE"
363246,35356,Success, ,2026-05-15 17:50:01.000,SAR,2026-05-01 00:00:00.000,,,Mada,Mada-2900815-MISC,AL Jazeerah Bank Gernada Mall Account - Acc # 015795017321024,Bank Charge,-5.6718,2026-05-01 00:00:00.000,SA,MANUAL
363247,35356,Success, ,2026-05-15 17:50:02.000,SAR,2026-05-01 00:00:00.000,,,Visa,Visa-2900815-MISC,AL Jazeerah Bank Gernada Mall Account - Acc # 015795017321024,Bank Charge,-5.74655,2026-05-01 00:00:00.000,SA,MANUAL
363297,35359,Success, ,2026-05-15 20:07:23.000,SAR,2026-05-01 00:00:00.000,,,Mada,Mada-2900823-MISC,AL Jazeerah Bank HILTONMAK3,Bank Charge,-6.4998,2026-05-01 00:00:00.000,SA,MANUAL
363299,35359,Success, ,2026-05-15 20:07:24.000,SAR,2026-05-01 00:00:00.000,,,Master,Master-2900823-MISC,AL Jazeerah Bank HILTONMAK3,Bank Charge,-19.4902,2026-05-01 00:00:00.000,SA,MANUAL
363305,35359,Success, ,2026-05-15 20:07:36.000,SAR,2026-05-01 00:00:00.000,,,Mada,Mada-2900822-MISC,AL Jazeerah Bank Amwaj Mall Account - Acc # 015795017321027,Bank Charge,-28.7454,2026-05-01 00:00:00.000,SA,MANUAL
363306,35359,Success, ,2026-05-15 20:07:37.000,SAR,2026-05-01 00:00:00.000,,,Visa,Visa-2900822-MISC,AL Jazeerah Bank Amwaj Mall Account - Acc # 015795017321027,Bank Charge,-25.97965,2026-05-01 00:00:00.000,SA,MANUAL
363307,35359,Success, ,2026-05-15 20:07:37.000,SAR,2026-05-01 00:00:00.000,,,Master,Master-2900822-MISC,AL Jazeerah Bank Amwaj Mall Account - Acc # 015795017321027,Bank Charge,-34.15155,2026-05-01 00:00:00.000,SA,MANUAL
363316,35359,Success, ,2026-05-15 20:08:10.000,SAR,2026-05-01 00:00:00.000,,,Mada,Mada-2902191-MISC,AL Jazeerah Bank Oth Mall Hail Account - Acc # 015795017321045,Bank Charge,-33.9687,2026-05-01 00:00:00.000,SA,MANUAL
363317,35359,Success, ,2026-05-15 20:08:10.000,SAR,2026-05-01 00:00:00.000,,,Mada,Mada-2902195-MISC,AL Jazeerah Bank Al Ihsaa Mall Account - Acc # 015795017321028,Bank Charge,-45.0777,2026-05-01 00:00:00.000,SA,MANUAL
363319,35359,Success, ,2026-05-15 20:08:11.000,SAR,2026-05-01 00:00:00.000,,,Visa,Visa-2902195-MISC,AL Jazeerah Bank Al Ihsaa Mall Account - Acc # 015795017321028,Bank Charge,-86.89745,2026-05-01 00:00:00.000,SA,MANUAL
363320,35359,Success, ,2026-05-15 20:08:11.000,SAR,2026-05-01 00:00:00.000,,,Master,Master-2902195-MISC,AL Jazeerah Bank Al Ihsaa Mall Account - Acc # 015795017321028,Bank Charge,-39.1552,2026-05-01 00:00:00.000,SA,MANUAL
363321,35359,Success, ,2026-05-15 20:08:11.000,SAR,2026-05-01 00:00:00.000,,,Mada,Mada-2900827-MISC,AL Jazeerah Bank JARIRRD,Bank Charge,-20.750439,2026-05-01 00:00:00.000,SA,MANUAL
363322,35359,Success, ,2026-05-15 20:08:12.000,SAR,2026-05-01 00:00:00.000,,,Visa,Visa-2900827-MISC,AL Jazeerah Bank JARIRRD,Bank Charge,-44.270285,2026-05-01 00:00:00.000,SA,MANUAL
363323,35359,Success, ,2026-05-15 20:08:12.000,SAR,2026-05-01 00:00:00.000,,,Mada,Mada-2900829-MISC,AL Jazeerah Bank Dana Mall Account - Acc # 015795017321040,Bank Charge,-40.6548,2026-05-01 00:00:00.000,SA,MANUAL
363324,35359,Success, ,2026-05-15 20:08:12.000,SAR,2026-05-01 00:00:00.000,,,Mada,Mada-2900828-MISC,AL Jazeerah Bank Hamraa Mall Account - Acc # 015795017321018,Bank Charge,-53.3853,2026-05-01 00:00:00.000,SA,MANUAL
363325,35359,Success, ,2026-05-15 20:08:12.000,SAR,2026-05-01 00:00:00.000,,,Master,Master-2900827-MISC,AL Jazeerah Bank JARIRRD,Bank Charge,-10.8819555,2026-05-01 00:00:00.000,SA,MANUAL
363326,35359,Success, ,2026-05-15 20:08:12.000,SAR,2026-05-01 00:00:00.000,,,Visa,Visa-2900829-MISC,AL Jazeerah Bank Dana Mall Account - Acc # 015795017321040,Bank Charge,-26.9629,2026-05-01 00:00:00.000,SA,MANUAL
363327,35359,Success, ,2026-05-15 20:08:12.000,SAR,2026-05-01 00:00:00.000,,,Visa,Visa-2900828-MISC,AL Jazeerah Bank Hamraa Mall Account - Acc # 015795017321018,Bank Charge,-31.87915,2026-05-01 00:00:00.000,SA,MANUAL
363328,35359,Success, ,2026-05-15 20:08:13.000,SAR,2026-05-01 00:00:00.000,,,Master,Master-2900828-MISC,AL Jazeerah Bank Hamraa Mall Account - Acc # 015795017321018,Bank Charge,-4.34815,2026-05-01 00:00:00.000,SA,MANUAL
363329,35359,Success, ,2026-05-15 20:08:13.000,SAR,2026-05-01 00:00:00.000,,,Mada,Mada-2900826-MISC,AL Jazeerah Bank Arab Mall Account - Acc # 015795017321008,Bank Charge,-31.5951,2026-05-01 00:00:00.000,SA,MANUAL
363330,35359,Success, ,2026-05-15 20:08:14.000,SAR,2026-05-01 00:00:00.000,,,Visa,Visa-2900826-MISC,AL Jazeerah Bank Arab Mall Account - Acc # 015795017321008,Bank Charge,-29.34455,2026-05-01 00:00:00.000,SA,MANUAL
363331,35359,Success, ,2026-05-15 20:08:14.000,SAR,2026-05-01 00:00:00.000,,,Mada,Mada-2900830-MISC,AL Jazeerah Bank Dareen Mall Account - Acc # 015795017321034,Bank Charge,-29.7735,2026-05-01 00:00:00.000,SA,MANUAL
363332,35359,Success, ,2026-05-15 20:08:14.000,SAR,2026-05-01 00:00:00.000,,,Master,Master-2900826-MISC,AL Jazeerah Bank Arab Mall Account - Acc # 015795017321008,Bank Charge,-23.6417,2026-05-01 00:00:00.000,SA,MANUAL
363333,35359,Success, ,2026-05-15 20:08:14.000,SAR,2026-05-01 00:00:00.000,,,Visa,Visa-2900830-MISC,AL Jazeerah Bank Dareen Mall Account - Acc # 015795017321034,Bank Charge,-36.708,2026-05-01 00:00:00.000,SA,MANUAL
363334,35359,Success, ,2026-05-15 20:08:15.000,SAR,2026-05-01 00:00:00.000,,,Master,Master-2900830-MISC,AL Jazeerah Bank Dareen Mall Account - Acc # 015795017321034,Bank Charge,-26.46035,2026-05-01 00:00:00.000,SA,MANUAL
363248,35356,Success, ,2026-05-15 17:50:05.000,SAR,2026-05-01 00:00:00.000,,,Mada,Mada-2900817-MISC,AL Jazeerah Bank Haifa Mall Account - Acc # 015795017321013,Bank Charge,-15.2835,2026-05-01 00:00:00.000,SA,MANUAL
363296,35359,Success, ,2026-05-15 20:07:06.000,SAR,2026-05-01 00:00:00.000,,,Mada,Mada-2900820-MISC,AL Jazeerah Bank Haifa Mall Account - Acc # 015795017321013,Bank Charge,-4.1193,2026-05-01 00:00:00.000,SA,MANUAL
363298,35359,Success, ,2026-05-15 20:07:23.000,SAR,2026-05-01 00:00:00.000,,,Visa,Visa-2900823-MISC,AL Jazeerah Bank HILTONMAK3,Bank Charge,-76.912,2026-05-01 00:00:00.000,SA,MANUAL
363300,35359,Success, ,2026-05-15 20:07:27.000,SAR,2026-05-01 00:00:00.000,,,Mada,Mada-2902192-MISC,AL Jazeerah Bank Aziz Mall Account - Acc # 015795017321012,Bank Charge,-36.7908,2026-05-01 00:00:00.000,SA,MANUAL
363302,35359,Success, ,2026-05-15 20:07:28.000,SAR,2026-05-01 00:00:00.000,,,Master,Master-2902192-MISC,AL Jazeerah Bank Aziz Mall Account - Acc # 015795017321012,Bank Charge,-21.78445,2026-05-01 00:00:00.000,SA,MANUAL
363304,35359,Success, ,2026-05-15 20:07:31.000,SAR,2026-05-01 00:00:00.000,,,Visa,Visa-2902193-MISC,AL Jazeerah Bank ARARWOMNMT  N,Bank Charge,-2.51275,2026-05-01 00:00:00.000,SA,MANUAL
363308,35359,Success, ,2026-05-15 20:07:53.000,SAR,2026-05-01 00:00:00.000,,,Mada,Mada-2902196-MISC,AL Jazeerah Bank Andalus Mall Account - Acc # 015795017321007,Bank Charge,-23.158056,2026-05-01 00:00:00.000,SA,MANUAL
363309,35359,Success, ,2026-05-15 20:07:54.000,SAR,2026-05-01 00:00:00.000,,,Master,Master-2902196-MISC,AL Jazeerah Bank Andalus Mall Account - Acc # 015795017321007,Bank Charge,-10.8823925,2026-05-01 00:00:00.000,SA,MANUAL
363310,35359,Success, ,2026-05-15 20:07:59.000,SAR,2026-05-01 00:00:00.000,,,Mada,Mada-2900824-MISC,AL Jazeerah Bank Flamingo Mall Account - Acc # 015795017321014,Bank Charge,-19.2993,2026-05-01 00:00:00.000,SA,MANUAL
363311,35359,Success, ,2026-05-15 20:07:59.000,SAR,2026-05-01 00:00:00.000,,,Visa,Visa-2900824-MISC,AL Jazeerah Bank Flamingo Mall Account - Acc # 015795017321014,Bank Charge,-2.38165,2026-05-01 00:00:00.000,SA,MANUAL
363312,35359,Success, ,2026-05-15 20:08:00.000,SAR,2026-05-01 00:00:00.000,,,Master,Master-2900824-MISC,AL Jazeerah Bank Flamingo Mall Account - Acc # 015795017321014,Bank Charge,-4.34815,2026-05-01 00:00:00.000,SA,MANUAL
363313,35359,Success, ,2026-05-15 20:08:05.000,SAR,2026-05-01 00:00:00.000,,,Mada,Mada-2900825-MISC,AL Jazeerah Bank Hayat Mall Account - Acc # 015795017321016,Bank Charge,-25.3782,2026-05-01 00:00:00.000,SA,MANUAL
363314,35359,Success, ,2026-05-15 20:08:05.000,SAR,2026-05-01 00:00:00.000,,,Visa,Visa-2900825-MISC,AL Jazeerah Bank Hayat Mall Account - Acc # 015795017321016,Bank Charge,-17.85145,2026-05-01 00:00:00.000,SA,MANUAL
363315,35359,Success, ,2026-05-15 20:08:06.000,SAR,2026-05-01 00:00:00.000,,,Master,Master-2900825-MISC,AL Jazeerah Bank Hayat Mall Account - Acc # 015795017321016,Bank Charge,-8.58705,2026-05-01 00:00:00.000,SA,MANUAL
363318,35359,Success, ,2026-05-15 20:08:11.000,SAR,2026-05-01 00:00:00.000,,,Visa,Visa-2902191-MISC,AL Jazeerah Bank Oth Mall Hail Account - Acc # 015795017321045,Bank Charge,-23.0736,2026-05-01 00:00:00.000,SA,MANUAL
363301,35359,Success, ,2026-05-15 20:07:27.000,SAR,2026-05-01 00:00:00.000,,,Visa,Visa-2902192-MISC,AL Jazeerah Bank Aziz Mall Account - Acc # 015795017321012,Bank Charge,-29.6286,2026-05-01 00:00:00.000,SA,MANUAL
363303,35359,Success, ,2026-05-15 20:07:31.000,SAR,2026-05-01 00:00:00.000,,,Mada,Mada-2902193-MISC,AL Jazeerah Bank ARARWOMNMT  N,Bank Charge,-12.3027,2026-05-01 00:00:00.000,SA,MANUAL
363336,35360,Success, ,2026-05-15 20:14:56.000,SAR,2026-05-01 00:00:00.000,,,Mada,Mada-2900843-MISC,AL Jazeerah Bank JARIRRD,Bank Charge,-1.373169,2026-05-01 00:00:00.000,SA,MANUAL
363366,35361,Success, ,2026-05-15 20:16:09.000,SAR,2026-05-01 00:00:00.000,,,Mada,Mada-2900858-MISC,AL Jazeerah Bank KHRJUNFIED,Bank Charge,-16.4841,2026-05-01 00:00:00.000,SA,MANUAL
363335,35360,Success, ,2026-05-15 20:14:54.000,SAR,2026-05-01 00:00:00.000,,,Mada,Mada-2902200-MISC,AL Jazeerah Bank Oth Mall Hail Account - Acc # 015795017321045,Bank Charge,-1.3731,2026-05-01 00:00:00.000,SA,MANUAL
363337,35360,Success, ,2026-05-15 20:15:09.000,SAR,2026-05-01 00:00:00.000,,,Mada,Mada-2900846-MISC,AL Jazeerah Bank Jubail Mall Account - Acc # 015795017321030,Bank Charge,-25.1229,2026-05-01 00:00:00.000,SA,MANUAL
363338,35360,Success, ,2026-05-15 20:15:10.000,SAR,2026-05-01 00:00:00.000,,,Visa,Visa-2900846-MISC,AL Jazeerah Bank Jubail Mall Account - Acc # 015795017321030,Bank Charge,-6.62055,2026-05-01 00:00:00.000,SA,MANUAL
363339,35360,Success, ,2026-05-15 20:15:10.000,SAR,2026-05-01 00:00:00.000,,,Master,Master-2900846-MISC,AL Jazeerah Bank Jubail Mall Account - Acc # 015795017321030,Bank Charge,-8.6963,2026-05-01 00:00:00.000,SA,MANUAL
363340,35360,Success, ,2026-05-15 20:15:12.000,SAR,2026-05-01 00:00:00.000,,,Mada,Mada-2902204-MISC,AL Jazeerah Bank Dana Mall Account - Acc # 015795017321040,Bank Charge,-2.5392,2026-05-01 00:00:00.000,SA,MANUAL
363341,35360,Success, ,2026-05-15 20:15:31.000,SAR,2026-05-01 00:00:00.000,,,Mada,Mada-2902208-MISC,AL Jazeerah Bank ABHHIZAMST,Bank Charge,-25.2816,2026-05-01 00:00:00.000,SA,MANUAL
363342,35360,Success, ,2026-05-15 20:15:31.000,SAR,2026-05-01 00:00:00.000,,,Visa,Visa-2902208-MISC,AL Jazeerah Bank ABHHIZAMST,Bank Charge,-6.5113,2026-05-01 00:00:00.000,SA,MANUAL
363343,35360,Success, ,2026-05-15 20:15:36.000,SAR,2026-05-01 00:00:00.000,,,Mada,Mada-2900848-MISC,AL Jazeerah Bank JUBAILMAL2,Bank Charge,-36.5079,2026-05-01 00:00:00.000,SA,MANUAL
363344,35360,Success, ,2026-05-15 20:15:37.000,SAR,2026-05-01 00:00:00.000,,,Visa,Visa-2900848-MISC,AL Jazeerah Bank JUBAILMAL2,Bank Charge,-19.73055,2026-05-01 00:00:00.000,SA,MANUAL
363345,35360,Success, ,2026-05-15 20:15:37.000,SAR,2026-05-01 00:00:00.000,,,Master,Master-2900848-MISC,AL Jazeerah Bank JUBAILMAL2,Bank Charge,-19.7087,2026-05-01 00:00:00.000,SA,MANUAL
363346,35360,Success, ,2026-05-15 20:15:42.000,SAR,2026-05-01 00:00:00.000,,,Mada,Mada-2902210-MISC,AL Jazeerah Bank KHJTHEZONE,Bank Charge,-11.3022,2026-05-01 00:00:00.000,SA,MANUAL
363347,35360,Success, ,2026-05-15 20:15:42.000,SAR,2026-05-01 00:00:00.000,,,Visa,Visa-2902210-MISC,AL Jazeerah Bank KHJTHEZONE,Bank Charge,-7.49455,2026-05-01 00:00:00.000,SA,MANUAL
363348,35360,Success, ,2026-05-15 20:15:47.000,SAR,2026-05-01 00:00:00.000,,,Mada,Mada-2902205-MISC,AL Jazeerah Bank JEDMNRHPLZ,Bank Charge,-8.4249,2026-05-01 00:00:00.000,SA,MANUAL
363349,35360,Success, ,2026-05-15 20:15:47.000,SAR,2026-05-01 00:00:00.000,,,Visa,Visa-2902205-MISC,AL Jazeerah Bank JEDMNRHPLZ,Bank Charge,-26.0889,2026-05-01 00:00:00.000,SA,MANUAL
363350,35360,Success, ,2026-05-15 20:15:48.000,SAR,2026-05-01 00:00:00.000,,,Mada,Mada-2900847-MISC,AL Jazeerah Bank JEDSULTNST,Bank Charge,-35.7696,2026-05-01 00:00:00.000,SA,MANUAL
363351,35360,Success, ,2026-05-15 20:15:48.000,SAR,2026-05-01 00:00:00.000,,,Visa,Visa-2900847-MISC,AL Jazeerah Bank JEDSULTNST,Bank Charge,-17.41445,2026-05-01 00:00:00.000,SA,MANUAL
363352,35360,Success, ,2026-05-15 20:15:49.000,SAR,2026-05-01 00:00:00.000,,,Mada,Mada-2902206-MISC,Al Jazeerah Bank JUBHUWYLYT,Bank Charge,-16.7325,2026-05-01 00:00:00.000,SA,MANUAL
363353,35360,Success, ,2026-05-15 20:15:49.000,SAR,2026-05-01 00:00:00.000,,,Visa,Visa-2902206-MISC,Al Jazeerah Bank JUBHUWYLYT,Bank Charge,-13.6781,2026-05-01 00:00:00.000,SA,MANUAL
363354,35360,Success, ,2026-05-15 20:15:49.000,SAR,2026-05-01 00:00:00.000,,,Mada,Mada-2902209-MISC,AL Jazeerah Bank KHMISMUJAN,Bank Charge,-15.456,2026-05-01 00:00:00.000,SA,MANUAL
363355,35360,Success, ,2026-05-15 20:15:51.000,SAR,2026-05-01 00:00:00.000,,,Mada,Mada-2900845-MISC,AL Jazeerah Bank JEDKHUMRAH,Bank Charge,-19.9962,2026-05-01 00:00:00.000,SA,MANUAL
363356,35360,Success, ,2026-05-15 20:15:51.000,SAR,2026-05-01 00:00:00.000,,,Visa,Visa-2900845-MISC,AL Jazeerah Bank JEDKHUMRAH,Bank Charge,-6.0743,2026-05-01 00:00:00.000,SA,MANUAL
363357,35360,Success, ,2026-05-15 20:15:51.000,SAR,2026-05-01 00:00:00.000,,,Master,Master-2900845-MISC,AL Jazeerah Bank JEDKHUMRAH,Bank Charge,-2.16315,2026-05-01 00:00:00.000,SA,MANUAL
363358,35360,Success, ,2026-05-15 20:15:52.000,SAR,2026-05-01 00:00:00.000,,,Mada,Mada-2902207-MISC,AL Jazeerah Bank JEDDAHPARK,Bank Charge,-25.1988,2026-05-01 00:00:00.000,SA,MANUAL
363359,35360,Success, ,2026-05-15 20:15:52.000,SAR,2026-05-01 00:00:00.000,,,Visa,Visa-2902207-MISC,AL Jazeerah Bank JEDDAHPARK,Bank Charge,-72.3672,2026-05-01 00:00:00.000,SA,MANUAL
363360,35360,Success, ,2026-05-15 20:15:52.000,SAR,2026-05-01 00:00:00.000,,,Mada,Mada-2900849-MISC,AL Jazeerah Bank Jory Mall Account - Acc # 015795017321035,Bank Charge,-38.3571,2026-05-01 00:00:00.000,SA,MANUAL
363361,35360,Success, ,2026-05-15 20:15:52.000,SAR,2026-05-01 00:00:00.000,,,Mada,Mada-2900850-MISC,AL Jazeerah Bank JEDQURAISH,Bank Charge,-13.3032,2026-05-01 00:00:00.000,SA,MANUAL
363362,35360,Success, ,2026-05-15 20:15:53.000,SAR,2026-05-01 00:00:00.000,,,Master,Master-2902207-MISC,AL Jazeerah Bank JEDDAHPARK,Bank Charge,-19.3591,2026-05-01 00:00:00.000,SA,MANUAL
363363,35360,Success, ,2026-05-15 20:15:53.000,SAR,2026-05-01 00:00:00.000,,,Visa,Visa-2900849-MISC,AL Jazeerah Bank Jory Mall Account - Acc # 015795017321035,Bank Charge,-24.6031,2026-05-01 00:00:00.000,SA,MANUAL
363364,35360,Success, ,2026-05-15 20:15:53.000,SAR,2026-05-01 00:00:00.000,,,Visa,Visa-2900850-MISC,AL Jazeerah Bank JEDQURAISH,Bank Charge,-12.52005,2026-05-01 00:00:00.000,SA,MANUAL
363365,35360,Success, ,2026-05-15 20:15:53.000,SAR,2026-05-01 00:00:00.000,,,Master,Master-2900849-MISC,AL Jazeerah Bank Jory Mall Account - Acc # 015795017321035,Bank Charge,-2.29425,2026-05-01 00:00:00.000,SA,MANUAL
363367,35361,Success, ,2026-05-15 20:16:10.000,SAR,2026-05-01 00:00:00.000,,,Visa,Visa-2900858-MISC,AL Jazeerah Bank KHRJUNFIED,Bank Charge,-21.7626,2026-05-01 00:00:00.000,SA,MANUAL
363368,35361,Success, ,2026-05-15 20:16:13.000,SAR,2026-05-01 00:00:00.000,,,Mada,Mada-2900859-MISC,AL Jazeerah Bank MAKADANPLZ,Bank Charge,-14.0691,2026-05-01 00:00:00.000,SA,MANUAL
363369,35361,Success, ,2026-05-15 20:16:13.000,SAR,2026-05-01 00:00:00.000,,,Visa,Visa-2900859-MISC,AL Jazeerah Bank MAKADANPLZ,Bank Charge,-6.83905,2026-05-01 00:00:00.000,SA,MANUAL
363370,35361,Success, ,2026-05-15 20:16:13.000,SAR,2026-05-01 00:00:00.000,,,Master,Master-2900859-MISC,AL Jazeerah Bank MAKADANPLZ,Bank Charge,-13.0663,2026-05-01 00:00:00.000,SA,MANUAL
363371,35361,Success, ,2026-05-15 20:16:18.000,SAR,2026-05-01 00:00:00.000,,,Mada,Mada-2900860-MISC,AL Jazeerah HILTONMAK,Bank Charge,-10.7295,2026-05-01 00:00:00.000,SA,MANUAL
363372,35361,Success, ,2026-05-15 20:16:19.000,SAR,2026-05-01 00:00:00.000,,,Visa,Visa-2900860-MISC,AL Jazeerah HILTONMAK,Bank Charge,-122.2289,2026-05-01 00:00:00.000,SA,MANUAL
363373,35361,Success, ,2026-05-15 20:16:19.000,SAR,2026-05-01 00:00:00.000,,,Master,Master-2900860-MISC,AL Jazeerah HILTONMAK,Bank Charge,-61.1363,2026-05-01 00:00:00.000,SA,MANUAL
363374,35361,Success, ,2026-05-15 20:16:20.000,SAR,2026-05-01 00:00:00.000,,,Mada,Mada-2900861-MISC,AL Jazeerah Bank Mahmal Center Account - Acc # 015795017321011,Bank Charge,-23.1495,2026-05-01 00:00:00.000,SA,MANUAL
363375,35361,Success, ,2026-05-15 20:16:21.000,SAR,2026-05-01 00:00:00.000,,,Master,Master-2900861-MISC,AL Jazeerah Bank Mahmal Center Account - Acc # 015795017321011,Bank Charge,-4.91625,2026-05-01 00:00:00.000,SA,MANUAL
365956,35508,Success, ,2026-05-19 10:07:57.000,SAR,2026-05-01 00:00:00.000,,,Mada,Mada-2906388-MISC,AL Jazeerah Bank Flamingo Mall Account - Acc # 015795017321014,Bank Charge,-5.0784,2026-05-01 00:00:00.000,SA,MANUAL
366025,35509,Success, ,2026-05-19 10:19:07.000,SAR,2026-05-01 00:00:00.000,,,Visa,Visa-2906411-MISC,AL Jazeerah Bank Hamraa Mall Account - Acc # 015795017321018,Bank Charge,-2.51275,2026-05-01 00:00:00.000,SA,MANUAL
366026,35509,Success, ,2026-05-19 10:19:21.000,SAR,2026-05-01 00:00:00.000,,,Mada,Mada-2906416-MISC,AL Jazeerah HIJABMALL,Bank Charge,-40.016205,2026-05-01 00:00:00.000,SA,MANUAL
366027,35509,Success, ,2026-05-19 10:19:21.000,SAR,2026-05-01 00:00:00.000,,,Visa,Visa-2906416-MISC,AL Jazeerah HIJABMALL,Bank Charge,-46.962205,2026-05-01 00:00:00.000,SA,MANUAL
366028,35509,Success, ,2026-05-19 10:19:21.000,SAR,2026-05-01 00:00:00.000,,,Mada,Mada-2906419-MISC,AL Jazeerah Bank HILTONMAK2,Bank Charge,-21.2106,2026-05-01 00:00:00.000,SA,MANUAL
366029,35509,Success, ,2026-05-19 10:19:22.000,SAR,2026-05-01 00:00:00.000,,,Visa,Visa-2906419-MISC,AL Jazeerah Bank HILTONMAK2,Bank Charge,-210.5029,2026-05-01 00:00:00.000,SA,MANUAL
366030,35509,Success, ,2026-05-19 10:19:22.000,SAR,2026-05-01 00:00:00.000,,,Master,Master-2906419-MISC,AL Jazeerah Bank HILTONMAK2,Bank Charge,-126.62075,2026-05-01 00:00:00.000,SA,MANUAL
366031,35509,Success, ,2026-05-19 10:19:23.000,SAR,2026-05-01 00:00:00.000,,,Mada,Mada-2906418-MISC,AL Jazeerah Bank JEDMNDARIN,Bank Charge,-33.4995,2026-05-01 00:00:00.000,SA,MANUAL
366032,35509,Success, ,2026-05-19 10:19:23.000,SAR,2026-05-01 00:00:00.000,,,Visa,Visa-2906418-MISC,AL Jazeerah Bank JEDMNDARIN,Bank Charge,-24.1661,2026-05-01 00:00:00.000,SA,MANUAL
366033,35509,Success, ,2026-05-19 10:19:24.000,SAR,2026-05-01 00:00:00.000,,,Master,Master-2906418-MISC,AL Jazeerah Bank JEDMNDARIN,Bank Charge,-17.4363,2026-05-01 00:00:00.000,SA,MANUAL
366034,35509,Success, ,2026-05-19 10:19:31.000,SAR,2026-05-01 00:00:00.000,,,Mada,Mada-2906422-MISC,AL Jazeerah Bank JEDANDLUS2,Bank Charge,-61.203,2026-05-01 00:00:00.000,SA,MANUAL
366035,35509,Success, ,2026-05-19 10:19:31.000,SAR,2026-05-01 00:00:00.000,,,Visa,Visa-2906422-MISC,AL Jazeerah Bank JEDANDLUS2,Bank Charge,-20.73565,2026-05-01 00:00:00.000,SA,MANUAL
366036,35509,Success, ,2026-05-19 10:19:32.000,SAR,2026-05-01 00:00:00.000,,,Master,Master-2906422-MISC,AL Jazeerah Bank JEDANDLUS2,Bank Charge,-7.5164,2026-05-01 00:00:00.000,SA,MANUAL
365924,35507,Success, ,2026-05-18 20:39:27.000,SAR,2026-05-01 00:00:00.000,,,Mada,Mada-2906365-MISC,AL Jazeerah Bank ARARWOMNMT  N,Bank Charge,-8.6871,2026-05-01 00:00:00.000,SA,MANUAL
365926,35507,Success, ,2026-05-18 20:39:30.000,SAR,2026-05-01 00:00:00.000,,,Visa,Visa-2906368-MISC,AL Jazeerah Bank Amwaj Mall Account - Acc # 015795017321027,Bank Charge,-93.1247,2026-05-01 00:00:00.000,SA,MANUAL
365927,35507,Success, ,2026-05-18 20:39:31.000,SAR,2026-05-01 00:00:00.000,,,Mada,Mada-2906369-MISC,AL Jazeerah Bank ABHHIZAMST,Bank Charge,-2.0631,2026-05-01 00:00:00.000,SA,MANUAL
365928,35507,Success, ,2026-05-18 20:39:31.000,SAR,2026-05-01 00:00:00.000,,,Master,Master-2906368-MISC,AL Jazeerah Bank Amwaj Mall Account - Acc # 015795017321027,Bank Charge,-1.63875,2026-05-01 00:00:00.000,SA,MANUAL
365930,35507,Success, ,2026-05-18 20:39:37.000,SAR,2026-05-01 00:00:00.000,,,Mada,Mada-2906370-MISC,AL Jazeerah Bank Aziz Mall Account - Acc # 015795017321012,Bank Charge,-10.7157,2026-05-01 00:00:00.000,SA,MANUAL
365931,35507,Success, ,2026-05-18 20:39:38.000,SAR,2026-05-01 00:00:00.000,,,Visa,Visa-2906370-MISC,AL Jazeerah Bank Aziz Mall Account - Acc # 015795017321012,Bank Charge,-10.5754,2026-05-01 00:00:00.000,SA,MANUAL
365933,35507,Success, ,2026-05-18 20:39:42.000,SAR,2026-05-01 00:00:00.000,,,Visa,Visa-2906371-MISC,AL Jazeerah Bank ARARMHMDIA,Bank Charge,-6.53315,2026-05-01 00:00:00.000,SA,MANUAL
365938,35507,Success, ,2026-05-18 20:39:47.000,SAR,2026-05-01 00:00:00.000,,,Master,Master-2906377-MISC,AL Jazeerah Bank ALAQEQRYD,Bank Charge,-4.3263,2026-05-01 00:00:00.000,SA,MANUAL
365942,35507,Success, ,2026-05-18 20:39:52.000,SAR,2026-05-01 00:00:00.000,,,Mada,Mada-2905621-MISC,AL Jazeerah Bank ASEERGUNAIM,Bank Charge,-12.5649,2026-05-01 00:00:00.000,SA,MANUAL
365998,35509,Success, ,2026-05-19 10:18:34.000,SAR,2026-05-01 00:00:00.000,,,Visa,Visa-2905642-MISC,AL Jazeerah Bank JARIRRD,Bank Charge,-4.315375,2026-05-01 00:00:00.000,SA,MANUAL
366000,35509,Success, ,2026-05-19 10:18:36.000,SAR,2026-05-01 00:00:00.000,,,Visa,Visa-2905641-MISC,AL Jazeerah Bank HIRAAJED,Bank Charge,-2.8405,2026-05-01 00:00:00.000,SA,MANUAL
366001,35509,Success, ,2026-05-19 10:18:37.000,SAR,2026-05-01 00:00:00.000,,,Master,Master-2905641-MISC,AL Jazeerah Bank HIRAAJED,Bank Charge,-2.8405,2026-05-01 00:00:00.000,SA,MANUAL
366003,35509,Success, ,2026-05-19 10:18:38.000,SAR,2026-05-01 00:00:00.000,,,Visa,Visa-2905644-MISC,AL Jazeerah Bank JEDDAHPARK,Bank Charge,-3.8893,2026-05-01 00:00:00.000,SA,MANUAL
366047,35511,Success, ,2026-05-19 10:26:59.000,SAR,2026-05-01 00:00:00.000,,,Mada,Mada-2906427-MISC,AL Jazeerah Bank KHMISMUJAN,Bank Charge,-0.7521,2026-05-01 00:00:00.000,SA,MANUAL
366054,35511,Success, ,2026-05-19 10:27:15.000,SAR,2026-05-01 00:00:00.000,,,Mada,Mada-2906436-MISC,AL Jazeerah Bank KHAMESBLD,Bank Charge,-16.8153,2026-05-01 00:00:00.000,SA,MANUAL
366055,35511,Success, ,2026-05-19 10:27:15.000,SAR,2026-05-01 00:00:00.000,,,Visa,Visa-2906436-MISC,AL Jazeerah Bank KHAMESBLD,Bank Charge,-8.6963,2026-05-01 00:00:00.000,SA,MANUAL
366056,35511,Success, ,2026-05-19 10:27:20.000,SAR,2026-05-01 00:00:00.000,,,Mada,Mada-2906437-MISC,AL Jazeerah Bank KHMSBNDWOD,Bank Charge,-31.5675,2026-05-01 00:00:00.000,SA,MANUAL
366057,35511,Success, ,2026-05-19 10:27:21.000,SAR,2026-05-01 00:00:00.000,,,Visa,Visa-2906437-MISC,AL Jazeerah Bank KHMSBNDWOD,Bank Charge,-6.53315,2026-05-01 00:00:00.000,SA,MANUAL
366058,35511,Success, ,2026-05-19 10:27:25.000,SAR,2026-05-01 00:00:00.000,,,Mada,Mada-2906435-MISC,AL Jazeerah Bank JEDQURAISH,Bank Charge,-2.7462,2026-05-01 00:00:00.000,SA,MANUAL
366059,35511,Success, ,2026-05-19 10:27:26.000,SAR,2026-05-01 00:00:00.000,,,Visa,Visa-2906435-MISC,AL Jazeerah Bank JEDQURAISH,Bank Charge,-5.87765,2026-05-01 00:00:00.000,SA,MANUAL
366060,35511,Success, ,2026-05-19 10:27:28.000,SAR,2026-05-01 00:00:00.000,,,Mada,Mada-2905657-MISC,AL Jazeerah Bank JEDSULTNST,Bank Charge,-14.5107,2026-05-01 00:00:00.000,SA,MANUAL
366061,35511,Success, ,2026-05-19 10:27:41.000,SAR,2026-05-01 00:00:00.000,,,Mada,Mada-2905659-MISC,AL Jazeerah Bank KHAMISKKHD,Bank Charge,-16.2288,2026-05-01 00:00:00.000,SA,MANUAL
366062,35511,Success, ,2026-05-19 10:27:41.000,SAR,2026-05-01 00:00:00.000,,,Visa,Visa-2905659-MISC,AL Jazeerah Bank KHAMISKKHD,Bank Charge,-6.5113,2026-05-01 00:00:00.000,SA,MANUAL
366063,35511,Success, ,2026-05-19 10:27:47.000,SAR,2026-05-01 00:00:00.000,,,Mada,Mada-2905660-MISC,AL Jazeerah Bank KHAFOTHAIM ACC # 015795017321058,Bank Charge,-15.801,2026-05-01 00:00:00.000,SA,MANUAL
366064,35511,Success, ,2026-05-19 10:27:47.000,SAR,2026-05-01 00:00:00.000,,,Mada,Mada-2905656-MISC,AL Jazeerah Bank KHAMSBLVRD,Bank Charge,-36.363,2026-05-01 00:00:00.000,SA,MANUAL
366065,35511,Success, ,2026-05-19 10:27:48.000,SAR,2026-05-01 00:00:00.000,,,Visa,Visa-2905660-MISC,AL Jazeerah Bank KHAFOTHAIM ACC # 015795017321058,Bank Charge,-61.3985,2026-05-01 00:00:00.000,SA,MANUAL
366066,35511,Success, ,2026-05-19 10:27:48.000,SAR,2026-05-01 00:00:00.000,,,Visa,Visa-2905656-MISC,AL Jazeerah Bank KHAMSBLVRD,Bank Charge,-11.9738,2026-05-01 00:00:00.000,SA,MANUAL
366067,35511,Success, ,2026-05-19 10:27:48.000,SAR,2026-05-01 00:00:00.000,,,Mada,Mada-2905658-MISC,AL Jazeerah Bank JEDWAHBLVD,Bank Charge,-38.1156,2026-05-01 00:00:00.000,SA,MANUAL
366068,35511,Success, ,2026-05-19 10:27:48.000,SAR,2026-05-01 00:00:00.000,,,Master,Master-2905660-MISC,AL Jazeerah Bank KHAFOTHAIM ACC # 015795017321058,Bank Charge,-45.16395,2026-05-01 00:00:00.000,SA,MANUAL
366069,35511,Success, ,2026-05-19 10:27:48.000,SAR,2026-05-01 00:00:00.000,,,Visa,Visa-2905658-MISC,AL Jazeerah Bank JEDWAHBLVD,Bank Charge,-20.1457,2026-05-01 00:00:00.000,SA,MANUAL
365950,35508,Success, ,2026-05-19 10:07:29.000,SAR,2026-05-01 00:00:00.000,,,Mada,Mada-2906384-MISC,AL Jazeerah Bank Dana Mall Account - Acc # 015795017321040,Bank Charge,-4.6437,2026-05-01 00:00:00.000,SA,MANUAL
365951,35508,Success, ,2026-05-19 10:07:35.000,SAR,2026-05-01 00:00:00.000,,,Mada,Mada-2906386-MISC,AL Jazeerah Bank Gernada Mall Account - Acc # 015795017321024,Bank Charge,-17.4984,2026-05-01 00:00:00.000,SA,MANUAL
365952,35508,Success, ,2026-05-19 10:07:36.000,SAR,2026-05-01 00:00:00.000,,,Visa,Visa-2906386-MISC,AL Jazeerah Bank Gernada Mall Account - Acc # 015795017321024,Bank Charge,-11.73345,2026-05-01 00:00:00.000,SA,MANUAL
365953,35508,Success, ,2026-05-19 10:07:37.000,SAR,2026-05-01 00:00:00.000,,,Master,Master-2906386-MISC,AL Jazeerah Bank Gernada Mall Account - Acc # 015795017321024,Bank Charge,-4.34815,2026-05-01 00:00:00.000,SA,MANUAL
365954,35508,Success, ,2026-05-19 10:07:41.000,SAR,2026-05-01 00:00:00.000,,,Mada,Mada-2906387-MISC,AL Jazeerah Bank GALRYRYD2,Bank Charge,-17.1396,2026-05-01 00:00:00.000,SA,MANUAL
365958,35508,Success, ,2026-05-19 10:08:09.000,SAR,2026-05-01 00:00:00.000,,,Mada,Mada-2905623-MISC,AL Jazeerah Bank Dareen Mall Account - Acc # 015795017321034,Bank Charge,-2.0562,2026-05-01 00:00:00.000,SA,MANUAL
366049,35511,Success, ,2026-05-19 10:27:01.000,SAR,2026-05-01 00:00:00.000,,,Mada,Mada-2905653-MISC,AL Jazeerah Bank KHJTHEZONE,Bank Charge,-2.0631,2026-05-01 00:00:00.000,SA,MANUAL
365957,35508,Success, ,2026-05-19 10:07:57.000,SAR,2026-05-01 00:00:00.000,,,Visa,Visa-2906388-MISC,AL Jazeerah Bank Flamingo Mall Account - Acc # 015795017321014,Bank Charge,-0.63365,2026-05-01 00:00:00.000,SA,MANUAL
365961,35508,Success, ,2026-05-19 10:08:09.000,SAR,2026-05-01 00:00:00.000,,,Visa,Visa-2905625-MISC,AL Jazeerah Bank BUROTHAIM ACC # 015795017321053,Bank Charge,-8.49965,2026-05-01 00:00:00.000,SA,MANUAL
365962,35508,Success, ,2026-05-19 10:08:10.000,SAR,2026-05-01 00:00:00.000,,,Master,Master-2905625-MISC,AL Jazeerah Bank BUROTHAIM ACC # 015795017321053,Bank Charge,-4.34815,2026-05-01 00:00:00.000,SA,MANUAL
365963,35508,Success, ,2026-05-19 10:08:16.000,SAR,2026-05-01 00:00:00.000,,,Mada,Mada-2905630-MISC,AL Jazeerah Bank Oth Mall Hail Account - Acc # 015795017321045,Bank Charge,-0.6003,2026-05-01 00:00:00.000,SA,MANUAL
365964,35508,Success, ,2026-05-19 10:08:19.000,SAR,2026-05-01 00:00:00.000,,,Mada,Mada-2906392-MISC,AL Jazeerah Bank DAMRIVEIRA,Bank Charge,-58.1118,2026-05-01 00:00:00.000,SA,MANUAL
365965,35508,Success, ,2026-05-19 10:08:20.000,SAR,2026-05-01 00:00:00.000,,,Visa,Visa-2906392-MISC,AL Jazeerah Bank DAMRIVEIRA,Bank Charge,-26.02335,2026-05-01 00:00:00.000,SA,MANUAL
365966,35508,Success, ,2026-05-19 10:08:20.000,SAR,2026-05-01 00:00:00.000,,,Master,Master-2906392-MISC,AL Jazeerah Bank DAMRIVEIRA,Bank Charge,-17.41445,2026-05-01 00:00:00.000,SA,MANUAL
365967,35508,Success, ,2026-05-19 10:08:28.000,SAR,2026-05-01 00:00:00.000,,,Mada,Mada-2906390-MISC,AL Jazeerah Bank DAMMOTHAIM ACC # 015795017321054,Bank Charge,-28.4211,2026-05-01 00:00:00.000,SA,MANUAL
365968,35508,Success, ,2026-05-19 10:08:28.000,SAR,2026-05-01 00:00:00.000,,,Visa,Visa-2906390-MISC,AL Jazeerah Bank DAMMOTHAIM ACC # 015795017321054,Bank Charge,-43.9185,2026-05-01 00:00:00.000,SA,MANUAL
365969,35508,Success, ,2026-05-19 10:08:28.000,SAR,2026-05-01 00:00:00.000,,,Master,Master-2906390-MISC,AL Jazeerah Bank DAMMOTHAIM ACC # 015795017321054,Bank Charge,-10.99055,2026-05-01 00:00:00.000,SA,MANUAL
365970,35508,Success, ,2026-05-19 10:08:43.000,SAR,2026-05-01 00:00:00.000,,,Mada,Mada-2906400-MISC,AL Jazeerah Bank Al Ihsaa Mall Account - Acc # 015795017321028,Bank Charge,-14.6763,2026-05-01 00:00:00.000,SA,MANUAL
365971,35508,Success, ,2026-05-19 10:08:43.000,SAR,2026-05-01 00:00:00.000,,,Visa,Visa-2906400-MISC,AL Jazeerah Bank Al Ihsaa Mall Account - Acc # 015795017321028,Bank Charge,-9.7888,2026-05-01 00:00:00.000,SA,MANUAL
365972,35508,Success, ,2026-05-19 10:08:43.000,SAR,2026-05-01 00:00:00.000,,,Mada,Mada-2906389-MISC,AL Jazeerah Bank DMMMARINA,Bank Charge,-33.5478,2026-05-01 00:00:00.000,SA,MANUAL
365973,35508,Success, ,2026-05-19 10:08:43.000,SAR,2026-05-01 00:00:00.000,,,Master,Master-2906400-MISC,AL Jazeerah Bank Al Ihsaa Mall Account - Acc # 015795017321028,Bank Charge,-4.12965,2026-05-01 00:00:00.000,SA,MANUAL
365974,35508,Success, ,2026-05-19 10:08:44.000,SAR,2026-05-01 00:00:00.000,,,Visa,Visa-2906389-MISC,AL Jazeerah Bank DMMMARINA,Bank Charge,-34.2171,2026-05-01 00:00:00.000,SA,MANUAL
365975,35508,Success, ,2026-05-19 10:08:44.000,SAR,2026-05-01 00:00:00.000,,,Mada,Mada-2906394-MISC,AL Jazeerah Bank ALBAHAMAL,Bank Charge,-37.8879,2026-05-01 00:00:00.000,SA,MANUAL
365976,35508,Success, ,2026-05-19 10:08:44.000,SAR,2026-05-01 00:00:00.000,,,Mada,Mada-2906397-MISC,AL Jazeerah Bank HAFRBATIN ACC # 015795017321055,Bank Charge,-36.3078,2026-05-01 00:00:00.000,SA,MANUAL
365977,35508,Success, ,2026-05-19 10:08:44.000,SAR,2026-05-01 00:00:00.000,,,Master,Master-2906389-MISC,AL Jazeerah Bank DMMMARINA,Bank Charge,-60.54635,2026-05-01 00:00:00.000,SA,MANUAL
365978,35508,Success, ,2026-05-19 10:08:44.000,SAR,2026-05-01 00:00:00.000,,,Visa,Visa-2906394-MISC,AL Jazeerah Bank ALBAHAMAL,Bank Charge,-13.0226,2026-05-01 00:00:00.000,SA,MANUAL
365979,35508,Success, ,2026-05-19 10:08:44.000,SAR,2026-05-01 00:00:00.000,,,Visa,Visa-2906397-MISC,AL Jazeerah Bank HAFRBATIN ACC # 015795017321055,Bank Charge,-9.2644,2026-05-01 00:00:00.000,SA,MANUAL
365980,35508,Success, ,2026-05-19 10:08:45.000,SAR,2026-05-01 00:00:00.000,,,Master,Master-2906394-MISC,AL Jazeerah Bank ALBAHAMAL,Bank Charge,-4.34815,2026-05-01 00:00:00.000,SA,MANUAL
365981,35508,Success, ,2026-05-19 10:08:45.000,SAR,2026-05-01 00:00:00.000,,,Master,Master-2906397-MISC,AL Jazeerah Bank HAFRBATIN ACC # 015795017321055,Bank Charge,-4.6322,2026-05-01 00:00:00.000,SA,MANUAL
365982,35508,Success, ,2026-05-19 10:09:08.000,SAR,2026-05-01 00:00:00.000,,,Mada,Mada-2906396-MISC,AL Jazeerah Bank EHSAOTHAIM,Bank Charge,-34.914,2026-05-01 00:00:00.000,SA,MANUAL
365983,35508,Success, ,2026-05-19 10:09:08.000,SAR,2026-05-01 00:00:00.000,,,Visa,Visa-2906396-MISC,AL Jazeerah Bank EHSAOTHAIM,Bank Charge,-92.0759,2026-05-01 00:00:00.000,SA,MANUAL
365984,35508,Success, ,2026-05-19 10:09:09.000,SAR,2026-05-01 00:00:00.000,,,Master,Master-2906396-MISC,AL Jazeerah Bank EHSAOTHAIM,Bank Charge,-61.28925,2026-05-01 00:00:00.000,SA,MANUAL
365985,35508,Success, ,2026-05-19 10:09:18.000,SAR,2026-05-01 00:00:00.000,,,Mada,Mada-2906401-MISC,AL Jazeerah Bank BAHAAVENUS,Bank Charge,-28.704,2026-05-01 00:00:00.000,SA,MANUAL
365986,35508,Success, ,2026-05-19 10:09:19.000,SAR,2026-05-01 00:00:00.000,,,Visa,Visa-2906401-MISC,AL Jazeerah Bank BAHAAVENUS,Bank Charge,-18.7473,2026-05-01 00:00:00.000,SA,MANUAL
365993,35508,Success, ,2026-05-19 10:09:27.000,SAR,2026-05-01 00:00:00.000,,,Master,Master-2906403-MISC,AL Jazeerah Bank EHSALBUSTAN,Bank Charge,-32.0321,2026-05-01 00:00:00.000,SA,MANUAL
366072,35521,Success, ,2026-05-19 13:27:33.000,SAR,2026-05-01 00:00:00.000,,,Visa,Visa-2905665-MISC,AL Jazeerah Bank MAKADANPLZ,Bank Charge,-1.63875,2026-05-01 00:00:00.000,SA,MANUAL
366075,35521,Success, ,2026-05-19 13:27:42.000,SAR,2026-05-01 00:00:00.000,,,Mada,Mada-2906449-MISC,AL Jazeerah Bank Mahmal Center Account - Acc # 015795017321011,Bank Charge,-0.8832,2026-05-01 00:00:00.000,SA,MANUAL
367362,35637,Success, ,2026-06-01 11:09:16.000,SAR,2026-05-01 00:00:00.000,,,Visa,Visa-2909470-MISC,AL Jazeerah Bank MAKTOWER Account - Acc #,Bank Charge,-80.7139,2026-05-01 00:00:00.000,SA,MANUAL
367363,35637,Success, ,2026-06-01 11:09:17.000,SAR,2026-05-01 00:00:00.000,,,Master,Master-2909470-MISC,AL Jazeerah Bank MAKTOWER Account - Acc #,Bank Charge,-67.4728,2026-05-01 00:00:00.000,SA,MANUAL
367364,35637,Success, ,2026-06-01 11:09:23.000,SAR,2026-05-01 00:00:00.000,,,Mada,Mada-2909472-MISC,AL Jazeerah Bank MEDMVNPICK,Bank Charge,-17.526,2026-05-01 00:00:00.000,SA,MANUAL
367365,35637,Success, ,2026-06-01 11:09:23.000,SAR,2026-05-01 00:00:00.000,,,Visa,Visa-2909472-MISC,AL Jazeerah Bank MEDMVNPICK,Bank Charge,-104.24635,2026-05-01 00:00:00.000,SA,MANUAL
367367,35637,Success, ,2026-06-01 11:09:37.000,SAR,2026-05-01 00:00:00.000,,,Mada,Mada-2910468-MISC,AL Jazeerah Bank Medad Center Account - Acc # 015795017321015,Bank Charge,-102.4995,2026-05-01 00:00:00.000,SA,MANUAL
367368,35637,Success, ,2026-06-01 11:09:37.000,SAR,2026-05-01 00:00:00.000,,,Visa,Visa-2910468-MISC,AL Jazeerah Bank Medad Center Account - Acc # 015795017321015,Bank Charge,-27.42175,2026-05-01 00:00:00.000,SA,MANUAL
367369,35637,Success, ,2026-06-01 11:09:38.000,SAR,2026-05-01 00:00:00.000,,,Master,Master-2910468-MISC,AL Jazeerah Bank Medad Center Account - Acc # 015795017321015,Bank Charge,-26.0889,2026-05-01 00:00:00.000,SA,MANUAL
367370,35637,Success, ,2026-06-01 11:09:56.000,SAR,2026-05-01 00:00:00.000,,,Mada,Mada-2910467-MISC,AL Jazeerah Bank MEDALIYAT,Bank Charge,-28.428,2026-05-01 00:00:00.000,SA,MANUAL
367371,35637,Success, ,2026-06-01 11:09:57.000,SAR,2026-05-01 00:00:00.000,,,Visa,Visa-2910467-MISC,AL Jazeerah Bank MEDALIYAT,Bank Charge,-18.68175,2026-05-01 00:00:00.000,SA,MANUAL
367372,35637,Success, ,2026-06-01 11:09:57.000,SAR,2026-05-01 00:00:00.000,,,Mada,Mada-2909474-MISC,AL Jazeerah Bank MEDANDLUSH,Bank Charge,-13.925442,2026-05-01 00:00:00.000,SA,MANUAL
367373,35637,Success, ,2026-06-01 11:09:58.000,SAR,2026-05-01 00:00:00.000,,,Visa,Visa-2909474-MISC,AL Jazeerah Bank MEDANDLUSH,Bank Charge,-23.6436665,2026-05-01 00:00:00.000,SA,MANUAL
367374,35637,Success, ,2026-06-01 11:09:58.000,SAR,2026-05-01 00:00:00.000,,,Master,Master-2909474-MISC,AL Jazeerah Bank MEDANDLUSH,Bank Charge,-32.756209,2026-05-01 00:00:00.000,SA,MANUAL
367377,35637,Success, ,2026-06-01 11:10:04.000,SAR,2026-05-01 00:00:00.000,,,Mada,Mada-2910469-MISC,AL Jazeerah Bank Makkah Mall Account - Acc # 015795017321037,Bank Charge,-46.2024,2026-05-01 00:00:00.000,SA,MANUAL
367379,35637,Success, ,2026-06-01 11:10:05.000,SAR,2026-05-01 00:00:00.000,,,Master,Master-2910469-MISC,AL Jazeerah Bank Makkah Mall Account - Acc # 015795017321037,Bank Charge,-16.58415,2026-05-01 00:00:00.000,SA,MANUAL
367380,35637,Success, ,2026-06-01 11:10:09.000,SAR,2026-05-01 00:00:00.000,,,Mada,Mada-2909473-MISC,AL Jazeerah Bank Ararmalld Account - Acc # 015795017321048,Bank Charge,-47.5065,2026-05-01 00:00:00.000,SA,MANUAL
367381,35637,Success, ,2026-06-01 11:10:09.000,SAR,2026-05-01 00:00:00.000,,,Visa,Visa-2909473-MISC,AL Jazeerah Bank Ararmalld Account - Acc # 015795017321048,Bank Charge,-4.34815,2026-05-01 00:00:00.000,SA,MANUAL
367382,35637,Success, ,2026-06-01 11:10:14.000,SAR,2026-05-01 00:00:00.000,,,Mada,Mada-2909477-MISC,AL Jazeerah Bank MAKSHOUQ,Bank Charge,-33.5133,2026-05-01 00:00:00.000,SA,MANUAL
367383,35637,Success, ,2026-06-01 11:10:14.000,SAR,2026-05-01 00:00:00.000,,,Visa,Visa-2909477-MISC,AL Jazeerah Bank MAKSHOUQ,Bank Charge,-10.02915,2026-05-01 00:00:00.000,SA,MANUAL
367384,35637,Success, ,2026-06-01 11:10:14.000,SAR,2026-05-01 00:00:00.000,,,Mada,Mada-2910470-MISC,AL Jazeerah Bank MJMAKRMMAL Account Acc#,Bank Charge,-21.1209,2026-05-01 00:00:00.000,SA,MANUAL
367385,35637,Success, ,2026-06-01 11:10:15.000,SAR,2026-05-01 00:00:00.000,,,Visa,Visa-2910470-MISC,AL Jazeerah Bank MJMAKRMMAL Account Acc#,Bank Charge,-9.76695,2026-05-01 00:00:00.000,SA,MANUAL
367386,35637,Success, ,2026-06-01 11:10:19.000,SAR,2026-05-01 00:00:00.000,,,Mada,Mada-2909478-MISC,AL Jazeerah Bank MEDDARIMAN,Bank Charge,-5.1474,2026-05-01 00:00:00.000,SA,MANUAL
367388,35637,Success, ,2026-06-01 11:10:20.000,SAR,2026-05-01 00:00:00.000,,,Master,Master-2909478-MISC,AL Jazeerah Bank MEDDARIMAN,Bank Charge,-31.57325,2026-05-01 00:00:00.000,SA,MANUAL
367392,35637,Success, ,2026-06-01 11:10:30.000,SAR,2026-05-01 00:00:00.000,,,Mada,Mada-2909479-MISC,AL Jazeerah Bank MEDJWALK ,Bank Charge,-28.7799,2026-05-01 00:00:00.000,SA,MANUAL
367393,35637,Success, ,2026-06-01 11:10:31.000,SAR,2026-05-01 00:00:00.000,,,Mada,Mada-2909469-MISC,AL Jazeerah Bank Al Manar Mall Account - Acc # 015795017321026,Bank Charge,-57.7668,2026-05-01 00:00:00.000,SA,MANUAL
367394,35637,Success, ,2026-06-01 11:10:31.000,SAR,2026-05-01 00:00:00.000,,,Visa,Visa-2909469-MISC,AL Jazeerah Bank Al Manar Mall Account - Acc # 015795017321026,Bank Charge,-18.5288,2026-05-01 00:00:00.000,SA,MANUAL
367395,35637,Success, ,2026-06-01 11:10:32.000,SAR,2026-05-01 00:00:00.000,,,Master,Master-2909469-MISC,AL Jazeerah Bank Al Manar Mall Account - Acc # 015795017321026,Bank Charge,-33.7801,2026-05-01 00:00:00.000,SA,MANUAL
367396,35637,Success, ,2026-06-01 11:10:32.000,SAR,2026-05-01 00:00:00.000,,,Mada,Mada-2909481-MISC,AL Jazeerah Bank MEDMAYAS,Bank Charge,-35.6661,2026-05-01 00:00:00.000,SA,MANUAL
367397,35637,Success, ,2026-06-01 11:10:33.000,SAR,2026-05-01 00:00:00.000,,,Visa,Visa-2909481-MISC,AL Jazeerah Bank MEDMAYAS,Bank Charge,-103.7875,2026-05-01 00:00:00.000,SA,MANUAL
367398,35637,Success, ,2026-06-01 11:10:33.000,SAR,2026-05-01 00:00:00.000,,,Master,Master-2909481-MISC,AL Jazeerah Bank MEDMAYAS,Bank Charge,-4.43555,2026-05-01 00:00:00.000,SA,MANUAL
367483,35640,Success, ,2026-06-01 11:46:19.000,SAR,2026-05-01 00:00:00.000,,,Mada,Mada-2909542-MISC,AL Jazeerah Bank SKAKAPLAZA,Bank Charge,-41.6208,2026-05-01 00:00:00.000,SA,MANUAL
367485,35640,Success, ,2026-06-01 11:46:21.000,SAR,2026-05-01 00:00:00.000,,,Visa,Visa-2909533-MISC,AL Jazeerah Bank RYDMARINA,Bank Charge,-19.59945,2026-05-01 00:00:00.000,SA,MANUAL
367486,35640,Success, ,2026-06-01 11:46:34.000,SAR,2026-05-01 00:00:00.000,,,Mada,Mada-2910505-MISC,AL Jazeerah Bank QATIFCFRNT,Bank Charge,-53.0679,2026-05-01 00:00:00.000,SA,MANUAL
367487,35640,Success, ,2026-06-01 11:46:35.000,SAR,2026-05-01 00:00:00.000,,,Visa,Visa-2910505-MISC,AL Jazeerah Bank QATIFCFRNT,Bank Charge,-39.5485,2026-05-01 00:00:00.000,SA,MANUAL
367488,35640,Success, ,2026-06-01 11:46:35.000,SAR,2026-05-01 00:00:00.000,,,Master,Master-2910505-MISC,AL Jazeerah Bank QATIFCFRNT,Bank Charge,-8.6963,2026-05-01 00:00:00.000,SA,MANUAL
367489,35640,Success, ,2026-06-01 11:46:51.000,SAR,2026-05-01 00:00:00.000,,,Mada,Mada-2909547-MISC,AL Jazeerah Bank SMARTSHRYD,Bank Charge,-22.4181,2026-05-01 00:00:00.000,SA,MANUAL
367490,35640,Success, ,2026-06-01 11:46:52.000,SAR,2026-05-01 00:00:00.000,,,Visa,Visa-2909547-MISC,AL Jazeerah Bank SMARTSHRYD,Bank Charge,-27.3999,2026-05-01 00:00:00.000,SA,MANUAL
367491,35640,Success, ,2026-06-01 11:46:57.000,SAR,2026-05-01 00:00:00.000,,,Mada,Mada-2910508-MISC,AL Jazeerah Bank SBTALYABVD,Bank Charge,-30.1185,2026-05-01 00:00:00.000,SA,MANUAL
367492,35640,Success, ,2026-06-01 11:46:57.000,SAR,2026-05-01 00:00:00.000,,,Mada,Mada-2909539-MISC,AL Jazeerah Bank RYDYARMOOK,Bank Charge,-30.252636,2026-05-01 00:00:00.000,SA,MANUAL
367493,35640,Success, ,2026-06-01 11:46:57.000,SAR,2026-05-01 00:00:00.000,,,Visa,Visa-2910508-MISC,AL Jazeerah Bank SBTALYABVD,Bank Charge,-12.1486,2026-05-01 00:00:00.000,SA,MANUAL
367494,35640,Success, ,2026-06-01 11:46:58.000,SAR,2026-05-01 00:00:00.000,,,Visa,Visa-2909539-MISC,AL Jazeerah Bank RYDYARMOOK,Bank Charge,-4.3483685,2026-05-01 00:00:00.000,SA,MANUAL
367500,35640,Success, ,2026-06-01 11:47:19.000,SAR,2026-05-01 00:00:00.000,,,Mada,Mada-2909549-MISC,AL Jazeerah Bank RYDSAWARIP,Bank Charge,-43.9737,2026-05-01 00:00:00.000,SA,MANUAL
367501,35640,Success, ,2026-06-01 11:47:19.000,SAR,2026-05-01 00:00:00.000,,,Visa,Visa-2909549-MISC,AL Jazeerah Bank RYDSAWARIP,Bank Charge,-26.5259,2026-05-01 00:00:00.000,SA,MANUAL
367502,35640,Success, ,2026-06-01 11:47:26.000,SAR,2026-05-01 00:00:00.000,,,Mada,Mada-2909545-MISC,AL Jazeerah Bank SKAKASHLHB,Bank Charge,-26.4408,2026-05-01 00:00:00.000,SA,MANUAL
367503,35640,Success, ,2026-06-01 11:47:26.000,SAR,2026-05-01 00:00:00.000,,,Visa,Visa-2909545-MISC,AL Jazeerah Bank SKAKASHLHB,Bank Charge,-6.53315,2026-05-01 00:00:00.000,SA,MANUAL
367504,35640,Success, ,2026-06-01 11:47:27.000,SAR,2026-05-01 00:00:00.000,,,Mada,Mada-2910509-MISC,AL Jazeerah Bank SAMTAHMALL,Bank Charge,-29.8632,2026-05-01 00:00:00.000,SA,MANUAL
367505,35640,Success, ,2026-06-01 11:47:27.000,SAR,2026-05-01 00:00:00.000,,,Master,Master-2910509-MISC,AL Jazeerah Bank SAMTAHMALL,Bank Charge,-6.53315,2026-05-01 00:00:00.000,SA,MANUAL
367506,35640,Success, ,2026-06-01 11:47:28.000,SAR,2026-05-01 00:00:00.000,,,Mada,Mada-2910507-MISC,AL Jazeerah BankRYDPARK,Bank Charge,-43.9806,2026-05-01 00:00:00.000,SA,MANUAL
367507,35640,Success, ,2026-06-01 11:47:28.000,SAR,2026-05-01 00:00:00.000,,,Visa,Visa-2910507-MISC,AL Jazeerah BankRYDPARK,Bank Charge,-69.11155,2026-05-01 00:00:00.000,SA,MANUAL
367508,35640,Success, ,2026-06-01 11:47:29.000,SAR,2026-05-01 00:00:00.000,,,Mada,Mada-2909551-MISC,AL Jazeerah Bank Salam Jed Mall count - Acc # 015795017321009,Bank Charge,-35.3832,2026-05-01 00:00:00.000,SA,MANUAL
367509,35640,Success, ,2026-06-01 11:47:29.000,SAR,2026-05-01 00:00:00.000,,,Master,Master-2910507-MISC,AL Jazeerah BankRYDPARK,Bank Charge,-14.74875,2026-05-01 00:00:00.000,SA,MANUAL
367510,35640,Success, ,2026-06-01 11:47:29.000,SAR,2026-05-01 00:00:00.000,,,Mada,Mada-2909552-MISC,AL Jazeerah Bank SALAMRYD2,Bank Charge,-64.6461,2026-05-01 00:00:00.000,SA,MANUAL
367511,35640,Success, ,2026-06-01 11:47:29.000,SAR,2026-05-01 00:00:00.000,,,Visa,Visa-2909551-MISC,AL Jazeerah Bank Salam Jed Mall count - Acc # 015795017321009,Bank Charge,-6.53315,2026-05-01 00:00:00.000,SA,MANUAL
367512,35640,Success, ,2026-06-01 11:47:29.000,SAR,2026-05-01 00:00:00.000,,,Visa,Visa-2909552-MISC,AL Jazeerah Bank SALAMRYD2,Bank Charge,-24.7779,2026-05-01 00:00:00.000,SA,MANUAL
367513,35640,Success, ,2026-06-01 11:47:29.000,SAR,2026-05-01 00:00:00.000,,,Master,Master-2909551-MISC,AL Jazeerah Bank Salam Jed Mall count - Acc # 015795017321009,Bank Charge,-12.52005,2026-05-01 00:00:00.000,SA,MANUAL
366070,35521,Success, ,2026-05-19 13:27:25.000,SAR,2026-05-01 00:00:00.000,,,Mada,Mada-2905661-MISC,AL Jazeerah Bank KHRJUNFIED,Bank Charge,-2.7462,2026-05-01 00:00:00.000,SA,MANUAL
366071,35521,Success, ,2026-05-19 13:27:33.000,SAR,2026-05-01 00:00:00.000,,,Mada,Mada-2905665-MISC,AL Jazeerah Bank MAKADANPLZ,Bank Charge,-5.1819,2026-05-01 00:00:00.000,SA,MANUAL
366008,35509,Success, ,2026-05-19 10:18:50.000,SAR,2026-05-01 00:00:00.000,,,Mada,Mada-2906413-MISC,AL Jazeerah Bank Hayat Mall Account - Acc # 015795017321016,Bank Charge,-4.1124,2026-05-01 00:00:00.000,SA,MANUAL
366009,35509,Success, ,2026-05-19 10:18:50.000,SAR,2026-05-01 00:00:00.000,,,Visa,Visa-2906413-MISC,AL Jazeerah Bank Hayat Mall Account - Acc # 015795017321016,Bank Charge,-10.68465,2026-05-01 00:00:00.000,SA,MANUAL
366010,35509,Success, ,2026-05-19 10:18:50.000,SAR,2026-05-01 00:00:00.000,,,Mada,Mada-2905646-MISC,AL Jazeerah Bank HAILZONE,Bank Charge,-28.9524,2026-05-01 00:00:00.000,SA,MANUAL
366011,35509,Success, ,2026-05-19 10:18:51.000,SAR,2026-05-01 00:00:00.000,,,Master,Master-2906413-MISC,AL Jazeerah Bank Hayat Mall Account - Acc # 015795017321016,Bank Charge,-6.53315,2026-05-01 00:00:00.000,SA,MANUAL
366012,35509,Success, ,2026-05-19 10:18:51.000,SAR,2026-05-01 00:00:00.000,,,Visa,Visa-2905646-MISC,AL Jazeerah Bank HAILZONE,Bank Charge,-14.2462,2026-05-01 00:00:00.000,SA,MANUAL
366013,35509,Success, ,2026-05-19 10:18:59.000,SAR,2026-05-01 00:00:00.000,,,Mada,Mada-2906415-MISC,AL Jazeerah Bank HILTONMAK3,Bank Charge,-3.4362,2026-05-01 00:00:00.000,SA,MANUAL
366014,35509,Success, ,2026-05-19 10:19:00.000,SAR,2026-05-01 00:00:00.000,,,Visa,Visa-2906415-MISC,AL Jazeerah Bank HILTONMAK3,Bank Charge,-71.51505,2026-05-01 00:00:00.000,SA,MANUAL
366015,35509,Success, ,2026-05-19 10:19:00.000,SAR,2026-05-01 00:00:00.000,,,Mada,Mada-2906414-MISC,AL Jazeerah Bank JEDCORNCH1,Bank Charge,-54.441,2026-05-01 00:00:00.000,SA,MANUAL
366016,35509,Success, ,2026-05-19 10:19:00.000,SAR,2026-05-01 00:00:00.000,,,Mada,Mada-2905647-MISC,AL Jazeerah Bank JEDKHUMRAH,Bank Charge,-5.8443,2026-05-01 00:00:00.000,SA,MANUAL
366017,35509,Success, ,2026-05-19 10:19:00.000,SAR,2026-05-01 00:00:00.000,,,Master,Master-2906415-MISC,AL Jazeerah Bank HILTONMAK3,Bank Charge,-4.34815,2026-05-01 00:00:00.000,SA,MANUAL
366018,35509,Success, ,2026-05-19 10:19:00.000,SAR,2026-05-01 00:00:00.000,,,Visa,Visa-2906414-MISC,AL Jazeerah Bank JEDCORNCH1,Bank Charge,-21.7626,2026-05-01 00:00:00.000,SA,MANUAL
366019,35509,Success, ,2026-05-19 10:19:00.000,SAR,2026-05-01 00:00:00.000,,,Visa,Visa-2905647-MISC,AL Jazeerah Bank JEDKHUMRAH,Bank Charge,-0.63365,2026-05-01 00:00:00.000,SA,MANUAL
366020,35509,Success, ,2026-05-19 10:19:01.000,SAR,2026-05-01 00:00:00.000,,,Mada,Mada-2905645-MISC,AL Jazeerah BankHAMDANIIYA,Bank Charge,-19.1751,2026-05-01 00:00:00.000,SA,MANUAL
366021,35509,Success, ,2026-05-19 10:19:01.000,SAR,2026-05-01 00:00:00.000,,,Master,Master-2906414-MISC,AL Jazeerah Bank JEDCORNCH1,Bank Charge,-33.2994,2026-05-01 00:00:00.000,SA,MANUAL
366022,35509,Success, ,2026-05-19 10:19:01.000,SAR,2026-05-01 00:00:00.000,,,Visa,Visa-2905645-MISC,AL Jazeerah BankHAMDANIIYA,Bank Charge,-15.2076,2026-05-01 00:00:00.000,SA,MANUAL
366023,35509,Success, ,2026-05-19 10:19:01.000,SAR,2026-05-01 00:00:00.000,,,Master,Master-2905645-MISC,AL Jazeerah BankHAMDANIIYA,Bank Charge,-6.53315,2026-05-01 00:00:00.000,SA,MANUAL
366024,35509,Success, ,2026-05-19 10:19:07.000,SAR,2026-05-01 00:00:00.000,,,Mada,Mada-2906411-MISC,AL Jazeerah Bank Hamraa Mall Account - Acc # 015795017321018,Bank Charge,-4.2642,2026-05-01 00:00:00.000,SA,MANUAL
365925,35507,Success, ,2026-05-18 20:39:30.000,SAR,2026-05-01 00:00:00.000,,,Mada,Mada-2906368-MISC,AL Jazeerah Bank Amwaj Mall Account - Acc # 015795017321027,Bank Charge,-5.6028,2026-05-01 00:00:00.000,SA,MANUAL
365929,35507,Success, ,2026-05-18 20:39:35.000,SAR,2026-05-01 00:00:00.000,,,Mada,Mada-2905617-MISC,AL Jazeerah Bank Andalus Mall Account - Acc # 015795017321007,Bank Charge,-6.262302,2026-05-01 00:00:00.000,SA,MANUAL
365932,35507,Success, ,2026-05-18 20:39:41.000,SAR,2026-05-01 00:00:00.000,,,Mada,Mada-2906371-MISC,AL Jazeerah Bank ARARMHMDIA,Bank Charge,-17.664,2026-05-01 00:00:00.000,SA,MANUAL
365934,35507,Success, ,2026-05-18 20:39:45.000,SAR,2026-05-01 00:00:00.000,,,Mada,Mada-2905620-MISC,AL Jazeerah Bank Arab Mall Account - Acc # 015795017321008,Bank Charge,-9.6738,2026-05-01 00:00:00.000,SA,MANUAL
365935,35507,Success, ,2026-05-18 20:39:45.000,SAR,2026-05-01 00:00:00.000,,,Visa,Visa-2905620-MISC,AL Jazeerah Bank Arab Mall Account - Acc # 015795017321008,Bank Charge,-3.496,2026-05-01 00:00:00.000,SA,MANUAL
366051,35511,Success, ,2026-05-19 10:27:03.000,SAR,2026-05-01 00:00:00.000,,,Mada,Mada-2905654-MISC,AL Jazeerah Bank Jory Mall Account - Acc # 015795017321035,Bank Charge,-6.1824,2026-05-01 00:00:00.000,SA,MANUAL
366073,35521,Success, ,2026-05-19 13:27:37.000,SAR,2026-05-01 00:00:00.000,,,Mada,Mada-2905666-MISC,AL Jazeerah Bank MAKHIJZMLL,Bank Charge,-10.6743,2026-05-01 00:00:00.000,SA,MANUAL
366074,35521,Success, ,2026-05-19 13:27:38.000,SAR,2026-05-01 00:00:00.000,,,Visa,Visa-2906448-MISC,AL Jazeerah Bank JEDMNRHPLZ,Bank Charge,-17.41445,2026-05-01 00:00:00.000,SA,MANUAL
366077,35521,Success, ,2026-05-19 13:27:48.000,SAR,2026-05-01 00:00:00.000,,,Mada,Mada-2906450-MISC,AL Jazeerah Bank MAKDNACNTR,Bank Charge,-63.9147,2026-05-01 00:00:00.000,SA,MANUAL
366078,35521,Success, ,2026-05-19 13:27:49.000,SAR,2026-05-01 00:00:00.000,,,Visa,Visa-2906450-MISC,AL Jazeerah Bank MAKDNACNTR,Bank Charge,-4.34815,2026-05-01 00:00:00.000,SA,MANUAL
366079,35521,Success, ,2026-05-19 13:27:49.000,SAR,2026-05-01 00:00:00.000,,,Master,Master-2906450-MISC,AL Jazeerah Bank MAKDNACNTR,Bank Charge,-7.14495,2026-05-01 00:00:00.000,SA,MANUAL
366080,35521,Success, ,2026-05-19 13:28:07.000,SAR,2026-05-01 00:00:00.000,,,Mada,Mada-2906455-MISC,AL Jazeerah Bank MAKDYAFAML,Bank Charge,-5.658,2026-05-01 00:00:00.000,SA,MANUAL
366081,35521,Success, ,2026-05-19 13:28:07.000,SAR,2026-05-01 00:00:00.000,,,Visa,Visa-2906455-MISC,AL Jazeerah Bank MAKDYAFAML,Bank Charge,-0.874,2026-05-01 00:00:00.000,SA,MANUAL
366082,35521,Success, ,2026-05-19 13:28:08.000,SAR,2026-05-01 00:00:00.000,,,Master,Master-2906455-MISC,AL Jazeerah Bank MAKDYAFAML,Bank Charge,-8.6963,2026-05-01 00:00:00.000,SA,MANUAL
366083,35521,Success, ,2026-05-19 13:28:09.000,SAR,2026-05-01 00:00:00.000,,,Mada,Mada-2906456-MISC,AL Jazeerah Bank KHRJHEDITY,Bank Charge,-16.4496,2026-05-01 00:00:00.000,SA,MANUAL
366084,35521,Success, ,2026-05-19 13:28:09.000,SAR,2026-05-01 00:00:00.000,,,Visa,Visa-2906456-MISC,AL Jazeerah Bank KHRJHEDITY,Bank Charge,-15.66645,2026-05-01 00:00:00.000,SA,MANUAL
366085,35521,Success, ,2026-05-19 13:28:14.000,SAR,2026-05-01 00:00:00.000,,,Mada,Mada-2905668-MISC,AL Jazeerah Bank MAJARDAH,Bank Charge,-19.6029,2026-05-01 00:00:00.000,SA,MANUAL
366086,35521,Success, ,2026-05-19 13:28:17.000,SAR,2026-05-01 00:00:00.000,,,Mada,Mada-2906451-MISC,AL Jazeerah Bank LELEMALL,Bank Charge,-14.4762,2026-05-01 00:00:00.000,SA,MANUAL
365936,35507,Success, ,2026-05-18 20:39:46.000,SAR,2026-05-01 00:00:00.000,,,Mada,Mada-2906377-MISC,AL Jazeerah Bank ALAQEQRYD,Bank Charge,-29.9598,2026-05-01 00:00:00.000,SA,MANUAL
365937,35507,Success, ,2026-05-18 20:39:46.000,SAR,2026-05-01 00:00:00.000,,,Visa,Visa-2906377-MISC,AL Jazeerah Bank ALAQEQRYD,Bank Charge,-41.14355,2026-05-01 00:00:00.000,SA,MANUAL
365939,35507,Success, ,2026-05-18 20:39:50.000,SAR,2026-05-01 00:00:00.000,,,Mada,Mada-2906378-MISC,AL Jazeerah Bank ALMALGARYD,Bank Charge,-13.9311,2026-05-01 00:00:00.000,SA,MANUAL
365940,35507,Success, ,2026-05-18 20:39:50.000,SAR,2026-05-01 00:00:00.000,,,Visa,Visa-2906378-MISC,AL Jazeerah Bank ALMALGARYD,Bank Charge,-37.95345,2026-05-01 00:00:00.000,SA,MANUAL
365941,35507,Success, ,2026-05-18 20:39:51.000,SAR,2026-05-01 00:00:00.000,,,Master,Master-2906378-MISC,AL Jazeerah Bank ALMALGARYD,Bank Charge,-14.3773,2026-05-01 00:00:00.000,SA,MANUAL
365943,35507,Success, ,2026-05-18 20:39:52.000,SAR,2026-05-01 00:00:00.000,,,Visa,Visa-2905621-MISC,AL Jazeerah Bank ASEERGUNAIM,Bank Charge,-8.71815,2026-05-01 00:00:00.000,SA,MANUAL
365944,35507,Success, ,2026-05-18 20:39:58.000,SAR,2026-05-01 00:00:00.000,,,Mada,Mada-2906380-MISC,AL Jazeerah Bank ALQASRMALL,Bank Charge,-23.1495,2026-05-01 00:00:00.000,SA,MANUAL
365945,35507,Success, ,2026-05-18 20:39:59.000,SAR,2026-05-01 00:00:00.000,,,Visa,Visa-2906380-MISC,AL Jazeerah Bank ALQASRMALL,Bank Charge,-4.34815,2026-05-01 00:00:00.000,SA,MANUAL
365946,35507,Success, ,2026-05-18 20:39:59.000,SAR,2026-05-01 00:00:00.000,,,Mada,Mada-2906379-MISC,AL Jazeerah Bank ABHATIMSQR,Bank Charge,-26.7651,2026-05-01 00:00:00.000,SA,MANUAL
365947,35507,Success, ,2026-05-18 20:39:59.000,SAR,2026-05-01 00:00:00.000,,,Visa,Visa-2906379-MISC,AL Jazeerah Bank ABHATIMSQR,Bank Charge,-3.4523,2026-05-01 00:00:00.000,SA,MANUAL
365948,35507,Success, ,2026-05-18 20:40:06.000,SAR,2026-05-01 00:00:00.000,,,Mada,Mada-2906382-MISC,AL Jazeerah Bank AZIZIARYD,Bank Charge,-24.1086,2026-05-01 00:00:00.000,SA,MANUAL
365949,35507,Success, ,2026-05-18 20:40:06.000,SAR,2026-05-01 00:00:00.000,,,Visa,Visa-2906382-MISC,AL Jazeerah Bank AZIZIARYD,Bank Charge,-7.45085,2026-05-01 00:00:00.000,SA,MANUAL
365955,35508,Success, ,2026-05-19 10:07:41.000,SAR,2026-05-01 00:00:00.000,,,Visa,Visa-2906387-MISC,AL Jazeerah Bank GALRYRYD2,Bank Charge,-19.4902,2026-05-01 00:00:00.000,SA,MANUAL
365959,35508,Success, ,2026-05-19 10:08:09.000,SAR,2026-05-01 00:00:00.000,,,Mada,Mada-2905625-MISC,AL Jazeerah Bank BUROTHAIM ACC # 015795017321053,Bank Charge,-27.3102,2026-05-01 00:00:00.000,SA,MANUAL
365960,35508,Success, ,2026-05-19 10:08:09.000,SAR,2026-05-01 00:00:00.000,,,Visa,Visa-2905623-MISC,AL Jazeerah Bank Dareen Mall Account - Acc # 015795017321034,Bank Charge,-4.34815,2026-05-01 00:00:00.000,SA,MANUAL
365987,35508,Success, ,2026-05-19 10:09:20.000,SAR,2026-05-01 00:00:00.000,,,Mada,Mada-2905634-MISC,AL Jazeerah BankAJAWEED,Bank Charge,-53.1369,2026-05-01 00:00:00.000,SA,MANUAL
365988,35508,Success, ,2026-05-19 10:09:20.000,SAR,2026-05-01 00:00:00.000,,,Visa,Visa-2905634-MISC,AL Jazeerah BankAJAWEED,Bank Charge,-32.62205,2026-05-01 00:00:00.000,SA,MANUAL
365989,35508,Success, ,2026-05-19 10:09:21.000,SAR,2026-05-01 00:00:00.000,,,Mada,Mada-2905635-MISC,AL Jazeerah Bank ALARIDAH,Bank Charge,-25.461,2026-05-01 00:00:00.000,SA,MANUAL
365990,35508,Success, ,2026-05-19 10:09:21.000,SAR,2026-05-01 00:00:00.000,,,Visa,Visa-2905635-MISC,AL Jazeerah Bank ALARIDAH,Bank Charge,-7.6038,2026-05-01 00:00:00.000,SA,MANUAL
365991,35508,Success, ,2026-05-19 10:09:26.000,SAR,2026-05-01 00:00:00.000,,,Mada,Mada-2906403-MISC,AL Jazeerah Bank EHSALBUSTAN,Bank Charge,-49.7697,2026-05-01 00:00:00.000,SA,MANUAL
365992,35508,Success, ,2026-05-19 10:09:27.000,SAR,2026-05-01 00:00:00.000,,,Visa,Visa-2906403-MISC,AL Jazeerah Bank EHSALBUSTAN,Bank Charge,-203.66385,2026-05-01 00:00:00.000,SA,MANUAL
365994,35509,Success, ,2026-05-19 10:18:29.000,SAR,2026-05-01 00:00:00.000,,,Mada,Mada-2905640-MISC,AL Jazeerah HILTONMAK,Bank Charge,-5.0922,2026-05-01 00:00:00.000,SA,MANUAL
365995,35509,Success, ,2026-05-19 10:18:29.000,SAR,2026-05-01 00:00:00.000,,,Visa,Visa-2905640-MISC,AL Jazeerah HILTONMAK,Bank Charge,-30.3715,2026-05-01 00:00:00.000,SA,MANUAL
365996,35509,Success, ,2026-05-19 10:18:31.000,SAR,2026-05-01 00:00:00.000,,,Mada,Mada-2906410-MISC,AL Jazeerah Bank Haifa Mall Account - Acc # 015795017321013,Bank Charge,-4.6437,2026-05-01 00:00:00.000,SA,MANUAL
365997,35509,Success, ,2026-05-19 10:18:31.000,SAR,2026-05-01 00:00:00.000,,,Master,Master-2906410-MISC,AL Jazeerah Bank Haifa Mall Account - Acc # 015795017321013,Bank Charge,-8.36855,2026-05-01 00:00:00.000,SA,MANUAL
365999,35509,Success, ,2026-05-19 10:18:36.000,SAR,2026-05-01 00:00:00.000,,,Mada,Mada-2905641-MISC,AL Jazeerah Bank HIRAAJED,Bank Charge,-12.2544,2026-05-01 00:00:00.000,SA,MANUAL
366002,35509,Success, ,2026-05-19 10:18:38.000,SAR,2026-05-01 00:00:00.000,,,Mada,Mada-2905644-MISC,AL Jazeerah Bank JEDDAHPARK,Bank Charge,-9.5496,2026-05-01 00:00:00.000,SA,MANUAL
366004,35509,Success, ,2026-05-19 10:18:38.000,SAR,2026-05-01 00:00:00.000,,,Master,Master-2905644-MISC,AL Jazeerah Bank JEDDAHPARK,Bank Charge,-6.53315,2026-05-01 00:00:00.000,SA,MANUAL
366005,35509,Success, ,2026-05-19 10:18:47.000,SAR,2026-05-01 00:00:00.000,,,Mada,Mada-2906412-MISC,AL Jazeerah Bank HAMDANYA2,Bank Charge,-10.9641,2026-05-01 00:00:00.000,SA,MANUAL
366006,35509,Success, ,2026-05-19 10:18:47.000,SAR,2026-05-01 00:00:00.000,,,Visa,Visa-2906412-MISC,AL Jazeerah Bank HAMDANYA2,Bank Charge,-4.34815,2026-05-01 00:00:00.000,SA,MANUAL
366007,35509,Success, ,2026-05-19 10:18:48.000,SAR,2026-05-01 00:00:00.000,,,Master,Master-2906412-MISC,AL Jazeerah Bank HAMDANYA2,Bank Charge,-8.6963,2026-05-01 00:00:00.000,SA,MANUAL
366037,35510,Success, ,2026-05-19 10:19:49.000,SAR,2026-05-01 00:00:00.000,,,Mada,Mada-2906424-MISC,AL Jazeerah Bank JEDMRWACTR,Bank Charge,-7.59,2026-05-01 00:00:00.000,SA,MANUAL
366038,35510,Success, ,2026-05-19 10:19:50.000,SAR,2026-05-01 00:00:00.000,,,Visa,Visa-2906424-MISC,AL Jazeerah Bank JEDMRWACTR,Bank Charge,-17.41445,2026-05-01 00:00:00.000,SA,MANUAL
366039,35510,Success, ,2026-05-19 10:19:50.000,SAR,2026-05-01 00:00:00.000,,,Master,Master-2906424-MISC,AL Jazeerah Bank JEDMRWACTR,Bank Charge,-1.42025,2026-05-01 00:00:00.000,SA,MANUAL
366040,35510,Success, ,2026-05-19 10:19:53.000,SAR,2026-05-01 00:00:00.000,,,Mada,Mada-2905651-MISC,AL Jazeerah Bank JEDMUSADIA,Bank Charge,-11.537214,2026-05-01 00:00:00.000,SA,MANUAL
366041,35510,Success, ,2026-05-19 10:19:53.000,SAR,2026-05-01 00:00:00.000,,,Visa,Visa-2905651-MISC,AL Jazeerah Bank JEDMUSADIA,Bank Charge,-11.1004555,2026-05-01 00:00:00.000,SA,MANUAL
366042,35510,Success, ,2026-05-19 10:19:54.000,SAR,2026-05-01 00:00:00.000,,,Master,Master-2905651-MISC,AL Jazeerah Bank JEDMUSADIA,Bank Charge,-10.8819555,2026-05-01 00:00:00.000,SA,MANUAL
366043,35510,Success, ,2026-05-19 10:19:57.000,SAR,2026-05-01 00:00:00.000,,,Mada,Mada-2906425-MISC,AL Jazeerah Bank JEDNRTHWLK,Bank Charge,-18.837,2026-05-01 00:00:00.000,SA,MANUAL
366044,35510,Success, ,2026-05-19 10:19:58.000,SAR,2026-05-01 00:00:00.000,,,Visa,Visa-2906425-MISC,AL Jazeerah Bank JEDNRTHWLK,Bank Charge,-6.53315,2026-05-01 00:00:00.000,SA,MANUAL
366045,35510,Success, ,2026-05-19 10:19:58.000,SAR,2026-05-01 00:00:00.000,,,Master,Master-2906425-MISC,AL Jazeerah Bank JEDNRTHWLK,Bank Charge,-22.8551,2026-05-01 00:00:00.000,SA,MANUAL
366048,35511,Success, ,2026-05-19 10:27:00.000,SAR,2026-05-01 00:00:00.000,,,Mada,Mada-2906431-MISC,Al Jazeerah Bank JUBHUWYLYT,Bank Charge,-2.0631,2026-05-01 00:00:00.000,SA,MANUAL
366050,35511,Success, ,2026-05-19 10:27:02.000,SAR,2026-05-01 00:00:00.000,,,Visa,Visa-2905653-MISC,AL Jazeerah Bank KHJTHEZONE,Bank Charge,-6.53315,2026-05-01 00:00:00.000,SA,MANUAL
366052,35511,Success, ,2026-05-19 10:27:05.000,SAR,2026-05-01 00:00:00.000,,,Mada,Mada-2906434-MISC,AL Jazeerah Bank JUBAILMAL2,Bank Charge,-0.9453,2026-05-01 00:00:00.000,SA,MANUAL
367399,35638,Success, ,2026-06-01 11:14:19.000,SAR,2026-05-01 00:00:00.000,,,Mada,Mada-2909486-MISC,AL Jazeerah Bank NJRANFRONT,Bank Charge,-3.8433,2026-05-01 00:00:00.000,SA,MANUAL
367401,35638,Success, ,2026-06-01 11:14:27.000,SAR,2026-05-01 00:00:00.000,,,Visa,Visa-2909491-MISC,AL Jazeerah Bank MJMAKRMMAL Account Acc#,Bank Charge,-4.78515,2026-05-01 00:00:00.000,SA,MANUAL
367411,35638,Success, ,2026-06-01 11:15:00.000,SAR,2026-05-01 00:00:00.000,,,Mada,Mada-2909496-MISC,AL Jazeerah Bank MEDSOUQEBQ,Bank Charge,-7.2795,2026-05-01 00:00:00.000,SA,MANUAL
367412,35638,Success, ,2026-06-01 11:15:00.000,SAR,2026-05-01 00:00:00.000,,,Visa,Visa-2909496-MISC,AL Jazeerah Bank MEDSOUQEBQ,Bank Charge,-2.94975,2026-05-01 00:00:00.000,SA,MANUAL
367431,35638,Success, ,2026-06-01 11:15:42.000,SAR,2026-05-01 00:00:00.000,,,Visa,Visa-2909504-MISC,AL Jazeerah Bank Nakhel Mall Account - Acc # 015795017321020,Bank Charge,-135.36075,2026-05-01 00:00:00.000,SA,MANUAL
367432,35638,Success, ,2026-06-01 11:15:43.000,SAR,2026-05-01 00:00:00.000,,,Master,Master-2909497-MISC,AL Jazeerah Bank NAJPARK,Bank Charge,-4.8944,2026-05-01 00:00:00.000,SA,MANUAL
367435,35638,Success, ,2026-06-01 11:15:47.000,SAR,2026-05-01 00:00:00.000,,,Mada,Mada-2909503-MISC,AL Jazeerah Bank NAKHDMM,Bank Charge,-87.768,2026-05-01 00:00:00.000,SA,MANUAL
367454,35639,Success, ,2026-06-01 11:21:25.000,SAR,2026-05-01 00:00:00.000,,,Mada,Mada-2909519-MISC,AL Jazeerah Bank QOUZBLVRD,Bank Charge,-26.5167,2026-05-01 00:00:00.000,SA,MANUAL
367455,35639,Success, ,2026-06-01 11:22:00.000,SAR,2026-05-01 00:00:00.000,,,Mada,Mada-2910491-MISC,AL Jazeerah Bank RASHIDMAD ACC # 015795017321052,Bank Charge,-23.0322,2026-05-01 00:00:00.000,SA,MANUAL
367456,35639,Success, ,2026-06-01 11:22:01.000,SAR,2026-05-01 00:00:00.000,,,Visa,Visa-2910491-MISC,AL Jazeerah Bank RASHIDMAD ACC # 015795017321052,Bank Charge,-14.1588,2026-05-01 00:00:00.000,SA,MANUAL
367457,35639,Success, ,2026-06-01 11:22:01.000,SAR,2026-05-01 00:00:00.000,,,Master,Master-2910491-MISC,AL Jazeerah Bank RASHIDMAD ACC # 015795017321052,Bank Charge,-20.4516,2026-05-01 00:00:00.000,SA,MANUAL
367459,35639,Success, ,2026-06-01 11:22:07.000,SAR,2026-05-01 00:00:00.000,,,Visa,Visa-2910497-MISC,AL Jazeerah BankRYDAVENUE,Bank Charge,-28.0117,2026-05-01 00:00:00.000,SA,MANUAL
367471,35639,Success, ,2026-06-01 11:22:10.000,SAR,2026-05-01 00:00:00.000,,,Visa,Visa-2909520-MISC,AL Jazeerah PANORAMA,Bank Charge,-48.79105,2026-05-01 00:00:00.000,SA,MANUAL
367472,35639,Success, ,2026-06-01 11:22:10.000,SAR,2026-05-01 00:00:00.000,,,Master,Master-2909520-MISC,AL Jazeerah PANORAMA,Bank Charge,-6.53315,2026-05-01 00:00:00.000,SA,MANUAL
367477,35639,Success, ,2026-06-01 11:22:13.000,SAR,2026-05-01 00:00:00.000,,,Visa,Visa-2909524-MISC,AL Jazeerah Bank RASHIDJZN ACC # 015795017321051,Bank Charge,-29.0605,2026-05-01 00:00:00.000,SA,MANUAL
367478,35639,Success, ,2026-06-01 11:22:13.000,SAR,2026-05-01 00:00:00.000,,,Mada,Mada-2910498-MISC,AL Jazeerah Bank Riyad Gallery Account - Acc # 015795017321017,Bank Charge,-55.6347,2026-05-01 00:00:00.000,SA,MANUAL
367479,35639,Success, ,2026-06-01 11:22:14.000,SAR,2026-05-01 00:00:00.000,,,Visa,Visa-2910498-MISC,AL Jazeerah Bank Riyad Gallery Account - Acc # 015795017321017,Bank Charge,-53.9695,2026-05-01 00:00:00.000,SA,MANUAL
367480,35639,Success, ,2026-06-01 11:22:14.000,SAR,2026-05-01 00:00:00.000,,,Mada,Mada-2909522-MISC,AL Jazeerah Bank RYDANUDPRK,Bank Charge,-28.1106,2026-05-01 00:00:00.000,SA,MANUAL
367481,35639,Success, ,2026-06-01 11:22:14.000,SAR,2026-05-01 00:00:00.000,,,Master,Master-2910498-MISC,AL Jazeerah Bank Riyad Gallery Account - Acc # 015795017321017,Bank Charge,-83.40145,2026-05-01 00:00:00.000,SA,MANUAL
367482,35639,Success, ,2026-06-01 11:22:14.000,SAR,2026-05-01 00:00:00.000,,,Visa,Visa-2909522-MISC,AL Jazeerah Bank RYDANUDPRK,Bank Charge,-4.34815,2026-05-01 00:00:00.000,SA,MANUAL
367495,35640,Success, ,2026-06-01 11:47:08.000,SAR,2026-05-01 00:00:00.000,,,Mada,Mada-2910504-MISC,AL Jazeerah Bank SABIAYASMN,Bank Charge,-28.8075,2026-05-01 00:00:00.000,SA,MANUAL
367496,35640,Success, ,2026-06-01 11:47:10.000,SAR,2026-05-01 00:00:00.000,,,Mada,Mada-2909540-MISC,AL Jazeerah RYDSHIFA,Bank Charge,-35.5143,2026-05-01 00:00:00.000,SA,MANUAL
367497,35640,Success, ,2026-06-01 11:47:10.000,SAR,2026-05-01 00:00:00.000,,,Visa,Visa-2909540-MISC,AL Jazeerah RYDSHIFA,Bank Charge,-8.6963,2026-05-01 00:00:00.000,SA,MANUAL
367498,35640,Success, ,2026-06-01 11:47:11.000,SAR,2026-05-01 00:00:00.000,,,Mada,Mada-2910506-MISC,AL Jazeerah Bank RYDTWIQDIS,Bank Charge,-29.7045,2026-05-01 00:00:00.000,SA,MANUAL
367499,35640,Success, ,2026-06-01 11:47:11.000,SAR,2026-05-01 00:00:00.000,,,Visa,Visa-2910506-MISC,AL Jazeerah Bank RYDTWIQDIS,Bank Charge,-8.28115,2026-05-01 00:00:00.000,SA,MANUAL
366046,35511,Success, ,2026-05-19 10:26:59.000,SAR,2026-05-01 00:00:00.000,,,Visa,Visa-2906430-MISC,AL Jazeerah Bank Jubail Mall Account - Acc # 015795017321030,Bank Charge,-2.2724,2026-05-01 00:00:00.000,SA,MANUAL
366053,35511,Success, ,2026-05-19 10:27:05.000,SAR,2026-05-01 00:00:00.000,,,Visa,Visa-2906434-MISC,AL Jazeerah Bank JUBAILMAL2,Bank Charge,-10.02915,2026-05-01 00:00:00.000,SA,MANUAL
366076,35521,Success, ,2026-05-19 13:27:42.000,SAR,2026-05-01 00:00:00.000,,,Master,Master-2906449-MISC,AL Jazeerah Bank Mahmal Center Account - Acc # 015795017321011,Bank Charge,-4.3263,2026-05-01 00:00:00.000,SA,MANUAL
367361,35637,Success, ,2026-06-01 11:09:16.000,SAR,2026-05-01 00:00:00.000,,,Mada,Mada-2909470-MISC,AL Jazeerah Bank MAKTOWER Account - Acc #,Bank Charge,-15.9735,2026-05-01 00:00:00.000,SA,MANUAL
367366,35637,Success, ,2026-06-01 11:09:23.000,SAR,2026-05-01 00:00:00.000,,,Master,Master-2909472-MISC,AL Jazeerah Bank MEDMVNPICK,Bank Charge,-17.41445,2026-05-01 00:00:00.000,SA,MANUAL
367375,35637,Success, ,2026-06-01 11:10:03.000,SAR,2026-05-01 00:00:00.000,,,Mada,Mada-2909475-MISC,AL Jazeerah Bank MEDALHIJRA,Bank Charge,-33.8376,2026-05-01 00:00:00.000,SA,MANUAL
367376,35637,Success, ,2026-06-01 11:10:03.000,SAR,2026-05-01 00:00:00.000,,,Visa,Visa-2909475-MISC,AL Jazeerah Bank MEDALHIJRA,Bank Charge,-29.03865,2026-05-01 00:00:00.000,SA,MANUAL
367378,35637,Success, ,2026-06-01 11:10:05.000,SAR,2026-05-01 00:00:00.000,,,Visa,Visa-2910469-MISC,AL Jazeerah Bank Makkah Mall Account - Acc # 015795017321037,Bank Charge,-29.78155,2026-05-01 00:00:00.000,SA,MANUAL
367387,35637,Success, ,2026-06-01 11:10:20.000,SAR,2026-05-01 00:00:00.000,,,Visa,Visa-2909478-MISC,AL Jazeerah Bank MEDDARIMAN,Bank Charge,-57.48735,2026-05-01 00:00:00.000,SA,MANUAL
367389,35637,Success, ,2026-06-01 11:10:24.000,SAR,2026-05-01 00:00:00.000,,,Mada,Mada-2909476-MISC,AL Jazeerah Bank MEDALMATAL,Bank Charge,-23.9154,2026-05-01 00:00:00.000,SA,MANUAL
367390,35637,Success, ,2026-06-01 11:10:25.000,SAR,2026-05-01 00:00:00.000,,,Visa,Visa-2909476-MISC,AL Jazeerah Bank MEDALMATAL,Bank Charge,-23.0736,2026-05-01 00:00:00.000,SA,MANUAL
367391,35637,Success, ,2026-06-01 11:10:25.000,SAR,2026-05-01 00:00:00.000,,,Master,Master-2909476-MISC,AL Jazeerah Bank MEDALMATAL,Bank Charge,-10.90315,2026-05-01 00:00:00.000,SA,MANUAL
367400,35638,Success, ,2026-06-01 11:14:26.000,SAR,2026-05-01 00:00:00.000,,,Mada,Mada-2909491-MISC,AL Jazeerah Bank MJMAKRMMAL Account Acc#,Bank Charge,-13.6896,2026-05-01 00:00:00.000,SA,MANUAL
367410,35638,Success, ,2026-06-01 11:14:50.000,SAR,2026-05-01 00:00:00.000,,,Master,Master-2910478-MISC,AL Jazeerah Bank MEDSULTANA,Bank Charge,-8.303,2026-05-01 00:00:00.000,SA,MANUAL
367413,35638,Success, ,2026-06-01 11:15:01.000,SAR,2026-05-01 00:00:00.000,,,Master,Master-2909496-MISC,AL Jazeerah Bank MEDSOUQEBQ,Bank Charge,-8.6963,2026-05-01 00:00:00.000,SA,MANUAL
367414,35638,Success, ,2026-06-01 11:15:04.000,SAR,2026-05-01 00:00:00.000,,,Mada,Mada-2909490-MISC,AL Jazeerah Bank NAJRANPLZA,Bank Charge,-9.9636,2026-05-01 00:00:00.000,SA,MANUAL
367415,35638,Success, ,2026-06-01 11:15:04.000,SAR,2026-05-01 00:00:00.000,,,Visa,Visa-2909490-MISC,AL Jazeerah Bank NAJRANPLZA,Bank Charge,-4.34815,2026-05-01 00:00:00.000,SA,MANUAL
367416,35638,Success, ,2026-06-01 11:15:05.000,SAR,2026-05-01 00:00:00.000,,,Master,Master-2909490-MISC,AL Jazeerah Bank NAJRANPLZA,Bank Charge,-2.16315,2026-05-01 00:00:00.000,SA,MANUAL
367417,35638,Success, ,2026-06-01 11:15:16.000,SAR,2026-05-01 00:00:00.000,,,Mada,Mada-2910476-MISC,AL Jazeerah Bank MILAQROTAB,Bank Charge,-36.3975,2026-05-01 00:00:00.000,SA,MANUAL
367418,35638,Success, ,2026-06-01 11:15:16.000,SAR,2026-05-01 00:00:00.000,,,Visa,Visa-2910476-MISC,AL Jazeerah Bank MILAQROTAB,Bank Charge,-3.8019,2026-05-01 00:00:00.000,SA,MANUAL
367419,35638,Success, ,2026-06-01 11:15:16.000,SAR,2026-05-01 00:00:00.000,,,Master,Master-2910476-MISC,AL Jazeerah Bank MILAQROTAB,Bank Charge,-4.34815,2026-05-01 00:00:00.000,SA,MANUAL
367420,35638,Success, ,2026-06-01 11:15:17.000,SAR,2026-05-01 00:00:00.000,,,Mada,Mada-2909495-MISC,AL Jazeerah Bank NAJKINGROD,Bank Charge,-4.5402,2026-05-01 00:00:00.000,SA,MANUAL
367421,35638,Success, ,2026-06-01 11:15:18.000,SAR,2026-05-01 00:00:00.000,,,Mada,Mada-2910479-MISC,AL Jazeerah Bank NAJMELAGRO,Bank Charge,-18.147,2026-05-01 00:00:00.000,SA,MANUAL
367422,35638,Success, ,2026-06-01 11:15:19.000,SAR,2026-05-01 00:00:00.000,,,Visa,Visa-2910479-MISC,AL Jazeerah Bank NAJMELAGRO,Bank Charge,-10.8813,2026-05-01 00:00:00.000,SA,MANUAL
367423,35638,Success, ,2026-06-01 11:15:19.000,SAR,2026-05-01 00:00:00.000,,,Master,Master-2910479-MISC,AL Jazeerah Bank NAJMELAGRO,Bank Charge,-4.34815,2026-05-01 00:00:00.000,SA,MANUAL
367424,35638,Success, ,2026-06-01 11:15:30.000,SAR,2026-05-01 00:00:00.000,,,Mada,Mada-2909499-MISC,AL Jazeerah Bank Nakhel Plaza Account - Acc # 015795017321038,Bank Charge,-26.013,2026-05-01 00:00:00.000,SA,MANUAL
367425,35638,Success, ,2026-06-01 11:15:31.000,SAR,2026-05-01 00:00:00.000,,,Visa,Visa-2909499-MISC,AL Jazeerah Bank Nakhel Plaza Account - Acc # 015795017321038,Bank Charge,-125.5064,2026-05-01 00:00:00.000,SA,MANUAL
367426,35638,Success, ,2026-06-01 11:15:31.000,SAR,2026-05-01 00:00:00.000,,,Master,Master-2909499-MISC,AL Jazeerah Bank Nakhel Plaza Account - Acc # 015795017321038,Bank Charge,-3.5397,2026-05-01 00:00:00.000,SA,MANUAL
367427,35638,Success, ,2026-06-01 11:15:42.000,SAR,2026-05-01 00:00:00.000,,,Mada,Mada-2909497-MISC,AL Jazeerah Bank NAJPARK,Bank Charge,-35.1624,2026-05-01 00:00:00.000,SA,MANUAL
367428,35638,Success, ,2026-06-01 11:15:42.000,SAR,2026-05-01 00:00:00.000,,,Mada,Mada-2909504-MISC,AL Jazeerah Bank Nakhel Mall Account - Acc # 015795017321020,Bank Charge,-84.249,2026-05-01 00:00:00.000,SA,MANUAL
367429,35638,Success, ,2026-06-01 11:15:42.000,SAR,2026-05-01 00:00:00.000,,,Visa,Visa-2909497-MISC,AL Jazeerah Bank NAJPARK,Bank Charge,-15.8194,2026-05-01 00:00:00.000,SA,MANUAL
367430,35638,Success, ,2026-06-01 11:15:42.000,SAR,2026-05-01 00:00:00.000,,,Mada,Mada-2909500-MISC,AL Jazeerah Bank MURJANJED,Bank Charge,-36.3837,2026-05-01 00:00:00.000,SA,MANUAL
367433,35638,Success, ,2026-06-01 11:15:43.000,SAR,2026-05-01 00:00:00.000,,,Visa,Visa-2909500-MISC,AL Jazeerah Bank MURJANJED,Bank Charge,-8.54335,2026-05-01 00:00:00.000,SA,MANUAL
367434,35638,Success, ,2026-06-01 11:15:43.000,SAR,2026-05-01 00:00:00.000,,,Master,Master-2909504-MISC,AL Jazeerah Bank Nakhel Mall Account - Acc # 015795017321020,Bank Charge,-49.97095,2026-05-01 00:00:00.000,SA,MANUAL
367436,35638,Success, ,2026-06-01 11:15:47.000,SAR,2026-05-01 00:00:00.000,,,Visa,Visa-2909503-MISC,AL Jazeerah Bank NAKHDMM,Bank Charge,-58.40505,2026-05-01 00:00:00.000,SA,MANUAL
367437,35638,Success, ,2026-06-01 11:15:47.000,SAR,2026-05-01 00:00:00.000,,,Mada,Mada-2910485-MISC,AL Jazeerah Bank Onaizah  Account - Acc # 015795017321046,Bank Charge,-19.8651,2026-05-01 00:00:00.000,SA,MANUAL
367438,35638,Success, ,2026-06-01 11:15:47.000,SAR,2026-05-01 00:00:00.000,,,Master,Master-2909503-MISC,AL Jazeerah Bank NAKHDMM,Bank Charge,-13.0663,2026-05-01 00:00:00.000,SA,MANUAL
367439,35638,Success, ,2026-06-01 11:15:48.000,SAR,2026-05-01 00:00:00.000,,,Visa,Visa-2910485-MISC,AL Jazeerah Bank Onaizah  Account - Acc # 015795017321046,Bank Charge,-6.53315,2026-05-01 00:00:00.000,SA,MANUAL
367516,35641,Success, ,2026-06-01 11:50:37.000,SAR,2026-05-01 00:00:00.000,,,Mada,Mada-2910514-MISC,AL Jazeerah Bank Tala Mall Account - Acc # 015795017321021,Bank Charge,-14.3037,2026-05-01 00:00:00.000,SA,MANUAL
367517,35641,Success, ,2026-06-01 11:50:37.000,SAR,2026-05-01 00:00:00.000,,,Visa,Visa-2910514-MISC,AL Jazeerah Bank Tala Mall Account - Acc # 015795017321021,Bank Charge,-11.51495,2026-05-01 00:00:00.000,SA,MANUAL
367518,35641,Success, ,2026-06-01 11:50:38.000,SAR,2026-05-01 00:00:00.000,,,Master,Master-2910514-MISC,AL Jazeerah Bank Tala Mall Account - Acc # 015795017321021,Bank Charge,-4.34815,2026-05-01 00:00:00.000,SA,MANUAL
367519,35641,Success, ,2026-06-01 11:50:40.000,SAR,2026-05-01 00:00:00.000,,,Mada,Mada-2909563-MISC,AL Jazeerah Bank RYDQURTBAH,Bank Charge,-20.6379,2026-05-01 00:00:00.000,SA,MANUAL
367520,35641,Success, ,2026-06-01 11:50:41.000,SAR,2026-05-01 00:00:00.000,,,Visa,Visa-2909563-MISC,AL Jazeerah Bank RYDQURTBAH,Bank Charge,-13.0663,2026-05-01 00:00:00.000,SA,MANUAL
367521,35641,Success, ,2026-06-01 11:50:41.000,SAR,2026-05-01 00:00:00.000,,,Master,Master-2909563-MISC,AL Jazeerah Bank RYDQURTBAH,Bank Charge,-6.53315,2026-05-01 00:00:00.000,SA,MANUAL
367522,35641,Success, ,2026-06-01 11:50:50.000,SAR,2026-05-01 00:00:00.000,,,Mada,Mada-2910513-MISC,AL Jazeerah Bank TAIFTERAML,Bank Charge,-17.8227,2026-05-01 00:00:00.000,SA,MANUAL
366087,35521,Success, ,2026-05-19 13:28:17.000,SAR,2026-05-01 00:00:00.000,,,Visa,Visa-2906451-MISC,AL Jazeerah Bank LELEMALL,Bank Charge,-4.34815,2026-05-01 00:00:00.000,SA,MANUAL
366088,35521,Success, ,2026-05-19 13:28:32.000,SAR,2026-05-01 00:00:00.000,,,Mada,Mada-2906452-MISC,AL Jazeerah Bank MAKAHMEJAZ,Bank Charge,-41.8071,2026-05-01 00:00:00.000,SA,MANUAL
366089,35521,Success, ,2026-05-19 13:28:33.000,SAR,2026-05-01 00:00:00.000,,,Visa,Visa-2906452-MISC,AL Jazeerah Bank MAKAHMEJAZ,Bank Charge,-7.5164,2026-05-01 00:00:00.000,SA,MANUAL
366090,35521,Success, ,2026-05-19 13:28:33.000,SAR,2026-05-01 00:00:00.000,,,Mada,Mada-2905670-MISC,AL Jazeerah Bank MAKDARTWHD,Bank Charge,-90.0864,2026-05-01 00:00:00.000,SA,MANUAL
366091,35521,Success, ,2026-05-19 13:28:33.000,SAR,2026-05-01 00:00:00.000,,,Master,Master-2906452-MISC,AL Jazeerah Bank MAKAHMEJAZ,Bank Charge,-13.0663,2026-05-01 00:00:00.000,SA,MANUAL
366092,35521,Success, ,2026-05-19 13:28:33.000,SAR,2026-05-01 00:00:00.000,,,Visa,Visa-2905670-MISC,AL Jazeerah Bank MAKDARTWHD,Bank Charge,-139.2282,2026-05-01 00:00:00.000,SA,MANUAL
366093,35521,Success, ,2026-05-19 13:28:34.000,SAR,2026-05-01 00:00:00.000,,,Master,Master-2905670-MISC,AL Jazeerah Bank MAKDARTWHD,Bank Charge,-71.9302,2026-05-01 00:00:00.000,SA,MANUAL
366094,35521,Success, ,2026-05-19 13:28:54.000,SAR,2026-05-01 00:00:00.000,,,Mada,Mada-2906453-MISC,AL Jazeerah KHURAISSQ,Bank Charge,-37.3704,2026-05-01 00:00:00.000,SA,MANUAL
366095,35521,Success, ,2026-05-19 13:28:55.000,SAR,2026-05-01 00:00:00.000,,,Mada,Mada-2906454-MISC,AL Jazeerah Bank KHMSAVENUE,Bank Charge,-34.9899,2026-05-01 00:00:00.000,SA,MANUAL
366096,35521,Success, ,2026-05-19 13:28:55.000,SAR,2026-05-01 00:00:00.000,,,Visa,Visa-2906453-MISC,AL Jazeerah KHURAISSQ,Bank Charge,-24.49385,2026-05-01 00:00:00.000,SA,MANUAL
366097,35521,Success, ,2026-05-19 13:28:55.000,SAR,2026-05-01 00:00:00.000,,,Visa,Visa-2906454-MISC,AL Jazeerah Bank KHMSAVENUE,Bank Charge,-1.63875,2026-05-01 00:00:00.000,SA,MANUAL
366098,35521,Success, ,2026-05-19 13:28:55.000,SAR,2026-05-01 00:00:00.000,,,Master,Master-2906453-MISC,AL Jazeerah KHURAISSQ,Bank Charge,-4.34815,2026-05-01 00:00:00.000,SA,MANUAL
366099,35521,Success, ,2026-05-19 13:28:57.000,SAR,2026-05-01 00:00:00.000,,,Mada,Mada-2906457-MISC,AL Jazeerah Bank KHOQOSAIBI,Bank Charge,-49.8801,2026-05-01 00:00:00.000,SA,MANUAL
366100,35521,Success, ,2026-05-19 13:28:57.000,SAR,2026-05-01 00:00:00.000,,,Mada,Mada-2905671-MISC,AL Jazeerah Bank MAKABRAJ1,Bank Charge,-69.9798,2026-05-01 00:00:00.000,SA,MANUAL
366101,35521,Success, ,2026-05-19 13:28:57.000,SAR,2026-05-01 00:00:00.000,,,AMEX,AMEX-2906457-MISC,AL Jazeerah Bank KHOQOSAIBI,Bank Charge,-46.2093,2026-05-01 00:00:00.000,SA,MANUAL
366102,35521,Success, ,2026-05-19 13:28:58.000,SAR,2026-05-01 00:00:00.000,,,Visa,Visa-2905671-MISC,AL Jazeerah Bank MAKABRAJ1,Bank Charge,-349.05375,2026-05-01 00:00:00.000,SA,MANUAL
366103,35521,Success, ,2026-05-19 13:28:58.000,SAR,2026-05-01 00:00:00.000,,,Visa,Visa-2906457-MISC,AL Jazeerah Bank KHOQOSAIBI,Bank Charge,-86.32935,2026-05-01 00:00:00.000,SA,MANUAL
366104,35521,Success, ,2026-05-19 13:28:58.000,SAR,2026-05-01 00:00:00.000,,,Master,Master-2905671-MISC,AL Jazeerah Bank MAKABRAJ1,Bank Charge,-129.3083,2026-05-01 00:00:00.000,SA,MANUAL
366105,35521,Success, ,2026-05-19 13:28:58.000,SAR,2026-05-01 00:00:00.000,,,Master,Master-2906457-MISC,AL Jazeerah Bank KHOQOSAIBI,Bank Charge,-39.13335,2026-05-01 00:00:00.000,SA,MANUAL
367524,35641,Success, ,2026-06-01 11:51:02.000,SAR,2026-05-01 00:00:00.000,,,Mada,Mada-2909569-MISC,AL Jazeerah Bank THEGATERYD,Bank Charge,-17.1258,2026-05-01 00:00:00.000,SA,MANUAL
367525,35641,Success, ,2026-06-01 11:51:03.000,SAR,2026-05-01 00:00:00.000,,,Visa,Visa-2909569-MISC,AL Jazeerah Bank THEGATERYD,Bank Charge,-34.67595,2026-05-01 00:00:00.000,SA,MANUAL
367526,35641,Success, ,2026-06-01 11:51:03.000,SAR,2026-05-01 00:00:00.000,,,Master,Master-2909569-MISC,AL Jazeerah Bank THEGATERYD,Bank Charge,-4.34815,2026-05-01 00:00:00.000,SA,MANUAL
367527,35641,Success, ,2026-06-01 11:51:11.000,SAR,2026-05-01 00:00:00.000,,,Mada,Mada-2909565-MISC,AL Jazeerah Bank TAIFSHARST,Bank Charge,-35.0658,2026-05-01 00:00:00.000,SA,MANUAL
367528,35641,Success, ,2026-06-01 11:51:11.000,SAR,2026-05-01 00:00:00.000,,,Visa,Visa-2909565-MISC,AL Jazeerah Bank TAIFSHARST,Bank Charge,-2.29425,2026-05-01 00:00:00.000,SA,MANUAL
367529,35641,Success, ,2026-06-01 11:51:25.000,SAR,2026-05-01 00:00:00.000,,,Mada,Mada-2910523-MISC,AL Jazeerah Bank YANBUMALL,Bank Charge,-29.187,2026-05-01 00:00:00.000,SA,MANUAL
367530,35641,Success, ,2026-06-01 11:51:26.000,SAR,2026-05-01 00:00:00.000,,,Visa,Visa-2910523-MISC,AL Jazeerah Bank YANBUMALL,Bank Charge,-39.0678,2026-05-01 00:00:00.000,SA,MANUAL
367531,35641,Success, ,2026-06-01 11:51:37.000,SAR,2026-05-01 00:00:00.000,,,Mada,Mada-2910520-MISC,AL Jazeerah Bank WADIDAWSER,Bank Charge,-12.3717,2026-05-01 00:00:00.000,SA,MANUAL
367532,35641,Success, ,2026-06-01 11:51:38.000,SAR,2026-05-01 00:00:00.000,,,Visa,Visa-2910520-MISC,AL Jazeerah Bank WADIDAWSER,Bank Charge,-46.82455,2026-05-01 00:00:00.000,SA,MANUAL
367562,35641,Success, ,2026-06-01 11:52:38.000,SAR,2026-05-01 00:00:00.000,,,Master,Master-2909580-MISC,AL Jazeerah Bank YASMEENPLZ,Bank Charge,-7.84415,2026-05-01 00:00:00.000,SA,MANUAL
367402,35638,Success, ,2026-06-01 11:14:37.000,SAR,2026-05-01 00:00:00.000,,,Mada,Mada-2909492-MISC,AL Jazeerah Bank MAKMYANYRD,Bank Charge,-34.3551,2026-05-01 00:00:00.000,SA,MANUAL
367403,35638,Success, ,2026-06-01 11:14:37.000,SAR,2026-05-01 00:00:00.000,,,Visa,Visa-2909492-MISC,AL Jazeerah Bank MAKMYANYRD,Bank Charge,-6.53315,2026-05-01 00:00:00.000,SA,MANUAL
367404,35638,Success, ,2026-06-01 11:14:37.000,SAR,2026-05-01 00:00:00.000,,,Master,Master-2909492-MISC,AL Jazeerah Bank MAKMYANYRD,Bank Charge,-3.496,2026-05-01 00:00:00.000,SA,MANUAL
367405,35638,Success, ,2026-06-01 11:14:44.000,SAR,2026-05-01 00:00:00.000,,,Mada,Mada-2910477-MISC,AL Jazeerah Bank MAKAHMALL2,Bank Charge,-33.5547,2026-05-01 00:00:00.000,SA,MANUAL
367406,35638,Success, ,2026-06-01 11:14:45.000,SAR,2026-05-01 00:00:00.000,,,Visa,Visa-2910477-MISC,AL Jazeerah Bank MAKAHMALL2,Bank Charge,-6.6424,2026-05-01 00:00:00.000,SA,MANUAL
367407,35638,Success, ,2026-06-01 11:14:45.000,SAR,2026-05-01 00:00:00.000,,,Master,Master-2910477-MISC,AL Jazeerah Bank MAKAHMALL2,Bank Charge,-8.71815,2026-05-01 00:00:00.000,SA,MANUAL
367408,35638,Success, ,2026-06-01 11:14:50.000,SAR,2026-05-01 00:00:00.000,,,Mada,Mada-2910478-MISC,AL Jazeerah Bank MEDSULTANA,Bank Charge,-24.4329,2026-05-01 00:00:00.000,SA,MANUAL
367409,35638,Success, ,2026-06-01 11:14:50.000,SAR,2026-05-01 00:00:00.000,,,Visa,Visa-2910478-MISC,AL Jazeerah Bank MEDSULTANA,Bank Charge,-4.6759,2026-05-01 00:00:00.000,SA,MANUAL
367440,35639,Success, ,2026-06-01 11:20:18.000,SAR,2026-05-01 00:00:00.000,,,Mada,Mada-2910487-MISC,AL Jazeerah Bank ONZSOQJADD,Bank Charge,-3.4914,2026-05-01 00:00:00.000,SA,MANUAL
367441,35639,Success, ,2026-06-01 11:20:18.000,SAR,2026-05-01 00:00:00.000,,,Visa,Visa-2910487-MISC,AL Jazeerah Bank ONZSOQJADD,Bank Charge,-2.16315,2026-05-01 00:00:00.000,SA,MANUAL
367442,35639,Success, ,2026-06-01 11:20:25.000,SAR,2026-05-01 00:00:00.000,,,Mada,Mada-2909512-MISC,AL Jazeerah Bank RASSBULVRD,Bank Charge,-14.8074,2026-05-01 00:00:00.000,SA,MANUAL
367443,35639,Success, ,2026-06-01 11:20:58.000,SAR,2026-05-01 00:00:00.000,,,Mada,Mada-2910492-MISC,AL Jazeerah Bank RYDALYAPLZ,Bank Charge,-25.2471,2026-05-01 00:00:00.000,SA,MANUAL
367444,35639,Success, ,2026-06-01 11:20:59.000,SAR,2026-05-01 00:00:00.000,,,Mada,Mada-2909516-MISC,AL Jazeerah RIYADHDST,Bank Charge,-38.1363,2026-05-01 00:00:00.000,SA,MANUAL
367445,35639,Success, ,2026-06-01 11:20:59.000,SAR,2026-05-01 00:00:00.000,,,Visa,Visa-2910492-MISC,AL Jazeerah Bank RYDALYAPLZ,Bank Charge,-23.7728,2026-05-01 00:00:00.000,SA,MANUAL
367446,35639,Success, ,2026-06-01 11:20:59.000,SAR,2026-05-01 00:00:00.000,,,Visa,Visa-2909516-MISC,AL Jazeerah RIYADHDST,Bank Charge,-36.0962,2026-05-01 00:00:00.000,SA,MANUAL
367447,35639,Success, ,2026-06-01 11:20:59.000,SAR,2026-05-01 00:00:00.000,,,Master,Master-2910492-MISC,AL Jazeerah Bank RYDALYAPLZ,Bank Charge,-8.4778,2026-05-01 00:00:00.000,SA,MANUAL
367448,35639,Success, ,2026-06-01 11:21:00.000,SAR,2026-05-01 00:00:00.000,,,Master,Master-2909516-MISC,AL Jazeerah RIYADHDST,Bank Charge,-25.32415,2026-05-01 00:00:00.000,SA,MANUAL
367449,35639,Success, ,2026-06-01 11:21:04.000,SAR,2026-05-01 00:00:00.000,,,Mada,Mada-2909517-MISC,AL Jazeerah Bank MEDZAMPLMN,Bank Charge,-12.3717,2026-05-01 00:00:00.000,SA,MANUAL
367450,35639,Success, ,2026-06-01 11:21:04.000,SAR,2026-05-01 00:00:00.000,,,Visa,Visa-2909517-MISC,AL Jazeerah Bank MEDZAMPLMN,Bank Charge,-47.9389,2026-05-01 00:00:00.000,SA,MANUAL
367451,35639,Success, ,2026-06-01 11:21:05.000,SAR,2026-05-01 00:00:00.000,,,Master,Master-2909517-MISC,AL Jazeerah Bank MEDZAMPLMN,Bank Charge,-4.34815,2026-05-01 00:00:00.000,SA,MANUAL
367452,35639,Success, ,2026-06-01 11:21:17.000,SAR,2026-05-01 00:00:00.000,,,Mada,Mada-2909518-MISC,AL Jazeerah Bank PARKHMT ACC # 015795017321056,Bank Charge,-24.2121,2026-05-01 00:00:00.000,SA,MANUAL
367453,35639,Success, ,2026-06-01 11:21:17.000,SAR,2026-05-01 00:00:00.000,,,Visa,Visa-2909518-MISC,AL Jazeerah Bank PARKHMT ACC # 015795017321056,Bank Charge,-24.18795,2026-05-01 00:00:00.000,SA,MANUAL
367458,35639,Success, ,2026-06-01 11:22:06.000,SAR,2026-05-01 00:00:00.000,,,Mada,Mada-2910497-MISC,AL Jazeerah BankRYDAVENUE,Bank Charge,-44.8362,2026-05-01 00:00:00.000,SA,MANUAL
367460,35639,Success, ,2026-06-01 11:22:07.000,SAR,2026-05-01 00:00:00.000,,,Mada,Mada-2910494-MISC,AL Jazeerah Bank Red Sea Mall Account - Acc # 015795017321006,Bank Charge,-66.6402,2026-05-01 00:00:00.000,SA,MANUAL
367461,35639,Success, ,2026-06-01 11:22:07.000,SAR,2026-05-01 00:00:00.000,,,Master,Master-2910497-MISC,AL Jazeerah BankRYDAVENUE,Bank Charge,-8.0845,2026-05-01 00:00:00.000,SA,MANUAL
367462,35639,Success, ,2026-06-01 11:22:07.000,SAR,2026-05-01 00:00:00.000,,,Visa,Visa-2910494-MISC,AL Jazeerah Bank Red Sea Mall Account - Acc # 015795017321006,Bank Charge,-48.92215,2026-05-01 00:00:00.000,SA,MANUAL
367463,35639,Success, ,2026-06-01 11:22:07.000,SAR,2026-05-01 00:00:00.000,,,Mada,Mada-2910496-MISC,AL Jazeerah PRNCSLRD,Bank Charge,-45.7746,2026-05-01 00:00:00.000,SA,MANUAL
367464,35639,Success, ,2026-06-01 11:22:08.000,SAR,2026-05-01 00:00:00.000,,,Master,Master-2910494-MISC,AL Jazeerah Bank Red Sea Mall Account - Acc # 015795017321006,Bank Charge,-58.05545,2026-05-01 00:00:00.000,SA,MANUAL
367465,35639,Success, ,2026-06-01 11:22:08.000,SAR,2026-05-01 00:00:00.000,,,Visa,Visa-2910496-MISC,AL Jazeerah PRNCSLRD,Bank Charge,-55.73935,2026-05-01 00:00:00.000,SA,MANUAL
367466,35639,Success, ,2026-06-01 11:22:08.000,SAR,2026-05-01 00:00:00.000,,,Master,Master-2910496-MISC,AL Jazeerah PRNCSLRD,Bank Charge,-234.86565,2026-05-01 00:00:00.000,SA,MANUAL
367467,35639,Success, ,2026-06-01 11:22:09.000,SAR,2026-05-01 00:00:00.000,,,Mada,Mada-2909520-MISC,AL Jazeerah PANORAMA,Bank Charge,-47.0166,2026-05-01 00:00:00.000,SA,MANUAL
367468,35639,Success, ,2026-06-01 11:22:09.000,SAR,2026-05-01 00:00:00.000,,,Mada,Mada-2909521-MISC,AL Jazeerah Bank QUNKYLPLZA,Bank Charge,-32.6715,2026-05-01 00:00:00.000,SA,MANUAL
367469,35639,Success, ,2026-06-01 11:22:09.000,SAR,2026-05-01 00:00:00.000,,,AMEX,AMEX-2909520-MISC,AL Jazeerah PANORAMA,Bank Charge,-21.14735,2026-05-01 00:00:00.000,SA,MANUAL
367470,35639,Success, ,2026-06-01 11:22:09.000,SAR,2026-05-01 00:00:00.000,,,Visa,Visa-2909521-MISC,AL Jazeerah Bank QUNKYLPLZA,Bank Charge,-3.5397,2026-05-01 00:00:00.000,SA,MANUAL
367473,35639,Success, ,2026-06-01 11:22:11.000,SAR,2026-05-01 00:00:00.000,,,Mada,Mada-2910499-MISC,AL Jazeerah Bank Oth Mall Rabwa Account - Acc # 015795017321047,Bank Charge,-47.8653,2026-05-01 00:00:00.000,SA,MANUAL
367474,35639,Success, ,2026-06-01 11:22:12.000,SAR,2026-05-01 00:00:00.000,,,Visa,Visa-2910499-MISC,AL Jazeerah Bank Oth Mall Rabwa Account - Acc # 015795017321047,Bank Charge,-42.7823,2026-05-01 00:00:00.000,SA,MANUAL
367475,35639,Success, ,2026-06-01 11:22:12.000,SAR,2026-05-01 00:00:00.000,,,Mada,Mada-2909524-MISC,AL Jazeerah Bank RASHIDJZN ACC # 015795017321051,Bank Charge,-29.3526,2026-05-01 00:00:00.000,SA,MANUAL
367476,35639,Success, ,2026-06-01 11:22:12.000,SAR,2026-05-01 00:00:00.000,,,Master,Master-2910499-MISC,AL Jazeerah Bank Oth Mall Rabwa Account - Acc # 015795017321047,Bank Charge,-6.97015,2026-05-01 00:00:00.000,SA,MANUAL
367484,35640,Success, ,2026-06-01 11:46:21.000,SAR,2026-05-01 00:00:00.000,,,Mada,Mada-2909533-MISC,AL Jazeerah Bank RYDMARINA,Bank Charge,-3.2913,2026-05-01 00:00:00.000,SA,MANUAL
367514,35641,Success, ,2026-06-01 11:50:34.000,SAR,2026-05-01 00:00:00.000,,,Mada,Mada-2909562-MISC,AL Jazeerah Bank Salam Ryd Mall Account - Acc # 015795017321022,Bank Charge,-14.6211,2026-05-01 00:00:00.000,SA,MANUAL
367515,35641,Success, ,2026-06-01 11:50:35.000,SAR,2026-05-01 00:00:00.000,,,Visa,Visa-2909562-MISC,AL Jazeerah Bank Salam Ryd Mall Account - Acc # 015795017321022,Bank Charge,-3.496,2026-05-01 00:00:00.000,SA,MANUAL
367523,35641,Success, ,2026-06-01 11:50:51.000,SAR,2026-05-01 00:00:00.000,,,Master,Master-2910513-MISC,AL Jazeerah Bank TAIFTERAML,Bank Charge,-4.34815,2026-05-01 00:00:00.000,SA,MANUAL
367533,35641,Success, ,2026-06-01 11:51:45.000,SAR,2026-05-01 00:00:00.000,,,Mada,Mada-2909570-MISC,AL Jazeerah Bank TAIBAMED,Bank Charge,-27.5862,2026-05-01 00:00:00.000,SA,MANUAL
367534,35641,Success, ,2026-06-01 11:51:46.000,SAR,2026-05-01 00:00:00.000,,,Visa,Visa-2909570-MISC,AL Jazeerah Bank TAIBAMED,Bank Charge,-53.751,2026-05-01 00:00:00.000,SA,MANUAL
367535,35641,Success, ,2026-06-01 11:51:46.000,SAR,2026-05-01 00:00:00.000,,,Master,Master-2909570-MISC,AL Jazeerah Bank TAIBAMED,Bank Charge,-23.96945,2026-05-01 00:00:00.000,SA,MANUAL
367536,35641,Success, ,2026-06-01 11:52:03.000,SAR,2026-05-01 00:00:00.000,,,Mada,Mada-2910517-MISC,AL Jazeerah Bank TIFZHRNCTR,Bank Charge,-26.8755,2026-05-01 00:00:00.000,SA,MANUAL
367537,35641,Success, ,2026-06-01 11:52:04.000,SAR,2026-05-01 00:00:00.000,,,Master,Master-2910517-MISC,AL Jazeerah Bank TIFZHRNCTR,Bank Charge,-13.0663,2026-05-01 00:00:00.000,SA,MANUAL
367538,35641,Success, ,2026-06-01 11:52:04.000,SAR,2026-05-01 00:00:00.000,,,Mada,Mada-2909574-MISC,AL Jazeerah Bank WATANIYAHB,Bank Charge,-48.887466,2026-05-01 00:00:00.000,SA,MANUAL
367539,35641,Success, ,2026-06-01 11:52:05.000,SAR,2026-05-01 00:00:00.000,,,Visa,Visa-2909574-MISC,AL Jazeerah Bank WATANIYAHB,Bank Charge,-29.1516145,2026-05-01 00:00:00.000,SA,MANUAL
367540,35641,Success, ,2026-06-01 11:52:05.000,SAR,2026-05-01 00:00:00.000,,,Master,Master-2909574-MISC,AL Jazeerah Bank WATANIYAHB,Bank Charge,-8.20686,2026-05-01 00:00:00.000,SA,MANUAL
367541,35641,Success, ,2026-06-01 11:52:14.000,SAR,2026-05-01 00:00:00.000,,,Mada,Mada-2909571-MISC,AL Jazeerah Bank Tabouk Park Mall Account - Acc # 015795017321029,Bank Charge,-57.408,2026-05-01 00:00:00.000,SA,MANUAL
367542,35641,Success, ,2026-06-01 11:52:14.000,SAR,2026-05-01 00:00:00.000,,,Visa,Visa-2909571-MISC,AL Jazeerah Bank Tabouk Park Mall Account - Acc # 015795017321029,Bank Charge,-30.8085,2026-05-01 00:00:00.000,SA,MANUAL
367543,35641,Success, ,2026-06-01 11:52:30.000,SAR,2026-05-01 00:00:00.000,,,Mada,Mada-2909573-MISC,AL Jazeerah Bank WADILABAN ACC # 015795017321049,Bank Charge,-47.6721,2026-05-01 00:00:00.000,SA,MANUAL
367544,35641,Success, ,2026-06-01 11:52:30.000,SAR,2026-05-01 00:00:00.000,,,Visa,Visa-2909573-MISC,AL Jazeerah Bank WADILABAN ACC # 015795017321049,Bank Charge,-23.22655,2026-05-01 00:00:00.000,SA,MANUAL
367545,35641,Success, ,2026-06-01 11:52:32.000,SAR,2026-05-01 00:00:00.000,,,Mada,Mada-2910524-MISC,AL Jazeerah Bank TOWNSQJED,Bank Charge,-41.1378,2026-05-01 00:00:00.000,SA,MANUAL
367546,35641,Success, ,2026-06-01 11:52:32.000,SAR,2026-05-01 00:00:00.000,,,Visa,Visa-2910524-MISC,AL Jazeerah Bank TOWNSQJED,Bank Charge,-21.87185,2026-05-01 00:00:00.000,SA,MANUAL
367547,35641,Success, ,2026-06-01 11:52:33.000,SAR,2026-05-01 00:00:00.000,,,Master,Master-2910524-MISC,AL Jazeerah Bank TOWNSQJED,Bank Charge,-2.16315,2026-05-01 00:00:00.000,SA,MANUAL
367548,35641,Success, ,2026-06-01 11:52:34.000,SAR,2026-05-01 00:00:00.000,,,Mada,Mada-2909575-MISC,AL Jazeerah Bank West Avenuo Mall Account - Acc # 015795017321032,Bank Charge,-41.3379,2026-05-01 00:00:00.000,SA,MANUAL
367549,35641,Success, ,2026-06-01 11:52:34.000,SAR,2026-05-01 00:00:00.000,,,Visa,Visa-2909575-MISC,AL Jazeerah Bank West Avenuo Mall Account - Acc # 015795017321032,Bank Charge,-29.7597,2026-05-01 00:00:00.000,SA,MANUAL
367550,35641,Success, ,2026-06-01 11:52:34.000,SAR,2026-05-01 00:00:00.000,,,Mada,Mada-2910527-MISC,AL Jazeerah Bank Dahran Mall Account - Acc # 015795017321039,Bank Charge,-57.3804,2026-05-01 00:00:00.000,SA,MANUAL
367551,35641,Success, ,2026-06-01 11:52:35.000,SAR,2026-05-01 00:00:00.000,,,Master,Master-2909575-MISC,AL Jazeerah Bank West Avenuo Mall Account - Acc # 015795017321032,Bank Charge,-6.57685,2026-05-01 00:00:00.000,SA,MANUAL
367552,35641,Success, ,2026-06-01 11:52:35.000,SAR,2026-05-01 00:00:00.000,,,Visa,Visa-2910527-MISC,AL Jazeerah Bank Dahran Mall Account - Acc # 015795017321039,Bank Charge,-211.3332,2026-05-01 00:00:00.000,SA,MANUAL
367553,35641,Success, ,2026-06-01 11:52:35.000,SAR,2026-05-01 00:00:00.000,,,Master,Master-2910527-MISC,AL Jazeerah Bank Dahran Mall Account - Acc # 015795017321039,Bank Charge,-25.0401,2026-05-01 00:00:00.000,SA,MANUAL
367554,35641,Success, ,2026-06-01 11:52:35.000,SAR,2026-05-01 00:00:00.000,,,Mada,Mada-2909577-MISC,AL Jazeerah Bank VILLAGEHMT,Bank Charge,-87.3816,2026-05-01 00:00:00.000,SA,MANUAL
367555,35641,Success, ,2026-06-01 11:52:36.000,SAR,2026-05-01 00:00:00.000,,,Visa,Visa-2909577-MISC,AL Jazeerah Bank VILLAGEHMT,Bank Charge,-37.34165,2026-05-01 00:00:00.000,SA,MANUAL
367556,35641,Success, ,2026-06-01 11:52:36.000,SAR,2026-05-01 00:00:00.000,,,Mada,Mada-2909579-MISC,AL Jazeerah Bank UWALKJED,Bank Charge,-69.9108,2026-05-01 00:00:00.000,SA,MANUAL
367557,35641,Success, ,2026-06-01 11:52:36.000,SAR,2026-05-01 00:00:00.000,,,Master,Master-2909577-MISC,AL Jazeerah Bank VILLAGEHMT,Bank Charge,-16.32195,2026-05-01 00:00:00.000,SA,MANUAL
367558,35641,Success, ,2026-06-01 11:52:36.000,SAR,2026-05-01 00:00:00.000,,,Visa,Visa-2909579-MISC,AL Jazeerah Bank UWALKJED,Bank Charge,-57.26885,2026-05-01 00:00:00.000,SA,MANUAL
367559,35641,Success, ,2026-06-01 11:52:37.000,SAR,2026-05-01 00:00:00.000,,,Master,Master-2909579-MISC,AL Jazeerah Bank UWALKJED,Bank Charge,-13.78735,2026-05-01 00:00:00.000,SA,MANUAL
367560,35641,Success, ,2026-06-01 11:52:37.000,SAR,2026-05-01 00:00:00.000,,,Mada,Mada-2909580-MISC,AL Jazeerah Bank YASMEENPLZ,Bank Charge,-51.7155,2026-05-01 00:00:00.000,SA,MANUAL
367561,35641,Success, ,2026-06-01 11:52:37.000,SAR,2026-05-01 00:00:00.000,,,Visa,Visa-2909580-MISC,AL Jazeerah Bank YASMEENPLZ,Bank Charge,-8.6963,2026-05-01 00:00:00.000,SA,MANUAL
