"ROW_ID","REQUEST_ID","STATUS","MESSAGE","REQUEST_DATE","ACCOUNTING_DATE","APPLICATION_DATE","TXN_NUMBER","RECEIPT_NUMBER","AMOUNT_APPLIED","CURRENCY_CODE","REGION","INTEG_MODE","TXN_SOURCE"
499188,35356,Success, ,2026-05-15 17:50:02.000,2026-05-01 00:00:00.000,2026-05-01 00:00:00.000,"2900815",Visa-2900815,263,SAR,SA,MANUAL,Vend
499189,35356,Success, ,2026-05-15 17:50:06.000,2026-05-01 00:00:00.000,2026-05-01 00:00:00.000,"2900817",Mada-2900817,2215,SAR,SA,MANUAL,Vend
499190,35356,Success, ,2026-05-15 17:50:06.000,2026-05-01 00:00:00.000,2026-05-01 00:00:00.000,"2900817",Cash-2900817,796,SAR,SA,MANUAL,Vend
502851,35507,Success, ,2026-05-18 20:39:43.000,2026-05-01 00:00:00.000,2026-05-01 00:00:00.000,"2906371",Cash-2906371,349,SAR,SA,MANUAL,Vend
502872,35508,Success, ,2026-05-19 10:07:38.000,2026-05-01 00:00:00.000,2026-05-01 00:00:00.000,"2906386",Cash-2906386,68,SAR,SA,MANUAL,Vend
502873,35508,Success, ,2026-05-19 10:07:39.000,2026-05-01 00:00:00.000,2026-05-01 00:00:00.000,"2906386",Master-2906386,199,SAR,SA,MANUAL,Vend
502919,35509,Success, ,2026-05-19 10:18:37.000,2026-05-01 00:00:00.000,2026-05-01 00:00:00.000,"2905641",Mada-2905641,1776,SAR,SA,MANUAL,Vend
502920,35509,Success, ,2026-05-19 10:18:37.000,2026-05-01 00:00:00.000,2026-05-01 00:00:00.000,"2905641",Cash-2905641,358,SAR,SA,MANUAL,Vend
502921,35509,Success, ,2026-05-19 10:18:38.000,2026-05-01 00:00:00.000,2026-05-01 00:00:00.000,"2905641",Visa-2905641,130,SAR,SA,MANUAL,Vend
502922,35509,Success, ,2026-05-19 10:18:38.000,2026-05-01 00:00:00.000,2026-05-01 00:00:00.000,"2905641",Master-2905641,130,SAR,SA,MANUAL,Vend
502923,35509,Success, ,2026-05-19 10:18:48.000,2026-05-01 00:00:00.000,2026-05-01 00:00:00.000,"2906412",Mada-2906412,1589,SAR,SA,MANUAL,Vend
502924,35509,Success, ,2026-05-19 10:18:49.000,2026-05-01 00:00:00.000,2026-05-01 00:00:00.000,"2906412",Cash-2906412,1035,SAR,SA,MANUAL,Vend
502925,35509,Success, ,2026-05-19 10:18:49.000,2026-05-01 00:00:00.000,2026-05-01 00:00:00.000,"2906412",Visa-2906412,199,SAR,SA,MANUAL,Vend
502927,35509,Success, ,2026-05-19 10:18:51.000,2026-05-01 00:00:00.000,2026-05-01 00:00:00.000,"2905646",Mada-2905646,4196,SAR,SA,MANUAL,Vend
502928,35509,Success, ,2026-05-19 10:18:52.000,2026-05-01 00:00:00.000,2026-05-01 00:00:00.000,"2905646",Cash-2905646,1091,SAR,SA,MANUAL,Vend
502929,35509,Success, ,2026-05-19 10:18:52.000,2026-05-01 00:00:00.000,2026-05-01 00:00:00.000,"2905646",Visa-2905646,652,SAR,SA,MANUAL,Vend
502930,35509,Success, ,2026-05-19 10:19:01.000,2026-05-01 00:00:00.000,2026-05-01 00:00:00.000,"2906414",Mada-2906414,7890,SAR,SA,MANUAL,Vend
502931,35509,Success, ,2026-05-19 10:19:02.000,2026-05-01 00:00:00.000,2026-05-01 00:00:00.000,"2906414",Cash-2906414,1495,SAR,SA,MANUAL,Vend
502932,35509,Success, ,2026-05-19 10:19:02.000,2026-05-01 00:00:00.000,2026-05-01 00:00:00.000,"2905645",Mada-2905645,2779,SAR,SA,MANUAL,Vend
502933,35509,Success, ,2026-05-19 10:19:02.000,2026-05-01 00:00:00.000,2026-05-01 00:00:00.000,"2906414",Visa-2906414,996,SAR,SA,MANUAL,Vend
502934,35509,Success, ,2026-05-19 10:19:02.000,2026-05-01 00:00:00.000,2026-05-01 00:00:00.000,"2905645",Cash-2905645,1396,SAR,SA,MANUAL,Vend
502935,35509,Success, ,2026-05-19 10:19:02.000,2026-05-01 00:00:00.000,2026-05-01 00:00:00.000,"2906414",Master-2906414,1524,SAR,SA,MANUAL,Vend
502936,35509,Success, ,2026-05-19 10:19:03.000,2026-05-01 00:00:00.000,2026-05-01 00:00:00.000,"2905645",Visa-2905645,696,SAR,SA,MANUAL,Vend
502937,35509,Success, ,2026-05-19 10:19:04.000,2026-05-01 00:00:00.000,2026-05-01 00:00:00.000,"2905645",Master-2905645,299,SAR,SA,MANUAL,Vend
502938,35509,Success, ,2026-05-19 10:19:21.000,2026-05-01 00:00:00.000,2026-05-01 00:00:00.000,"2906416",Mada-2906416,5799.45,SAR,SA,MANUAL,Vend
502939,35509,Success, ,2026-05-19 10:19:22.000,2026-05-01 00:00:00.000,2026-05-01 00:00:00.000,"2906416",Cash-2906416,1773.27,SAR,SA,MANUAL,Vend
502940,35509,Success, ,2026-05-19 10:19:22.000,2026-05-01 00:00:00.000,2026-05-01 00:00:00.000,"2906416",Visa-2906416,2149.3,SAR,SA,MANUAL,Vend
502941,35509,Success, ,2026-05-19 10:19:22.000,2026-05-01 00:00:00.000,2026-05-01 00:00:00.000,"2906419",Mada-2906419,3074,SAR,SA,MANUAL,Vend
502942,35509,Success, ,2026-05-19 10:19:23.000,2026-05-01 00:00:00.000,2026-05-01 00:00:00.000,"2906419",Cash-2906419,385,SAR,SA,MANUAL,Vend
502943,35509,Success, ,2026-05-19 10:19:23.000,2026-05-01 00:00:00.000,2026-05-01 00:00:00.000,"2906419",Visa-2906419,9634,SAR,SA,MANUAL,Vend
502944,35509,Success, ,2026-05-19 10:19:24.000,2026-05-01 00:00:00.000,2026-05-01 00:00:00.000,"2906419",Master-2906419,5795,SAR,SA,MANUAL,Vend
502945,35509,Success, ,2026-05-19 10:19:24.000,2026-05-01 00:00:00.000,2026-05-01 00:00:00.000,"2906418",Mada-2906418,4855,SAR,SA,MANUAL,Vend
502946,35509,Success, ,2026-05-19 10:19:25.000,2026-05-01 00:00:00.000,2026-05-01 00:00:00.000,"2906418",Cash-2906418,1234,SAR,SA,MANUAL,Vend
502947,35509,Success, ,2026-05-19 10:19:25.000,2026-05-01 00:00:00.000,2026-05-01 00:00:00.000,"2906418",Visa-2906418,1106,SAR,SA,MANUAL,Vend
502948,35509,Success, ,2026-05-19 10:19:26.000,2026-05-01 00:00:00.000,2026-05-01 00:00:00.000,"2906418",Master-2906418,798,SAR,SA,MANUAL,Vend
502949,35509,Success, ,2026-05-19 10:19:32.000,2026-05-01 00:00:00.000,2026-05-01 00:00:00.000,"2906422",Mada-2906422,8870,SAR,SA,MANUAL,Vend
502950,35509,Success, ,2026-05-19 10:19:32.000,2026-05-01 00:00:00.000,2026-05-01 00:00:00.000,"2906422",Cash-2906422,2627,SAR,SA,MANUAL,Vend
502951,35509,Success, ,2026-05-19 10:19:33.000,2026-05-01 00:00:00.000,2026-05-01 00:00:00.000,"2906422",Visa-2906422,949,SAR,SA,MANUAL,Vend
502952,35509,Success, ,2026-05-19 10:19:33.000,2026-05-01 00:00:00.000,2026-05-01 00:00:00.000,"2906422",Master-2906422,344,SAR,SA,MANUAL,Vend
502958,35510,Success, ,2026-05-19 10:19:54.000,2026-05-01 00:00:00.000,2026-05-01 00:00:00.000,"2905651",Cash-2905651,1245.09,SAR,SA,MANUAL,Vend
504875,35639,Success, ,2026-06-01 11:20:26.000,2026-05-01 00:00:00.000,2026-05-01 00:00:00.000,"2909512",Cash-2909512,55,SAR,SA,MANUAL,Vend
502877,35508,Success, ,2026-05-19 10:08:10.000,2026-05-01 00:00:00.000,2026-05-01 00:00:00.000,"2905625",Mada-2905625,3958,SAR,SA,MANUAL,Vend
502878,35508,Success, ,2026-05-19 10:08:11.000,2026-05-01 00:00:00.000,2026-05-01 00:00:00.000,"2905625",Cash-2905625,649,SAR,SA,MANUAL,Vend
502879,35508,Success, ,2026-05-19 10:08:11.000,2026-05-01 00:00:00.000,2026-05-01 00:00:00.000,"2905625",Visa-2905625,389,SAR,SA,MANUAL,Vend
502880,35508,Success, ,2026-05-19 10:08:12.000,2026-05-01 00:00:00.000,2026-05-01 00:00:00.000,"2905625",Master-2905625,199,SAR,SA,MANUAL,Vend
502881,35508,Success, ,2026-05-19 10:08:21.000,2026-05-01 00:00:00.000,2026-05-01 00:00:00.000,"2906392",Mada-2906392,8422,SAR,SA,MANUAL,Vend
502882,35508,Success, ,2026-05-19 10:08:21.000,2026-05-01 00:00:00.000,2026-05-01 00:00:00.000,"2906392",Cash-2906392,1725,SAR,SA,MANUAL,Vend
502883,35508,Success, ,2026-05-19 10:08:22.000,2026-05-01 00:00:00.000,2026-05-01 00:00:00.000,"2906392",Visa-2906392,1191,SAR,SA,MANUAL,Vend
502884,35508,Success, ,2026-05-19 10:08:22.000,2026-05-01 00:00:00.000,2026-05-01 00:00:00.000,"2906392",Master-2906392,797,SAR,SA,MANUAL,Vend
502885,35508,Success, ,2026-05-19 10:08:29.000,2026-05-01 00:00:00.000,2026-05-01 00:00:00.000,"2906390",Mada-2906390,4119,SAR,SA,MANUAL,Vend
502886,35508,Success, ,2026-05-19 10:08:29.000,2026-05-01 00:00:00.000,2026-05-01 00:00:00.000,"2906390",Cash-2906390,1334,SAR,SA,MANUAL,Vend
502887,35508,Success, ,2026-05-19 10:08:30.000,2026-05-01 00:00:00.000,2026-05-01 00:00:00.000,"2906390",Visa-2906390,2010,SAR,SA,MANUAL,Vend
502888,35508,Success, ,2026-05-19 10:08:30.000,2026-05-01 00:00:00.000,2026-05-01 00:00:00.000,"2906390",Master-2906390,503,SAR,SA,MANUAL,Vend
502889,35508,Success, ,2026-05-19 10:08:45.000,2026-05-01 00:00:00.000,2026-05-01 00:00:00.000,"2906389",Mada-2906389,4862,SAR,SA,MANUAL,Vend
502890,35508,Success, ,2026-05-19 10:08:45.000,2026-05-01 00:00:00.000,2026-05-01 00:00:00.000,"2906389",Cash-2906389,4138,SAR,SA,MANUAL,Vend
502891,35508,Success, ,2026-05-19 10:08:45.000,2026-05-01 00:00:00.000,2026-05-01 00:00:00.000,"2906394",Mada-2906394,5491,SAR,SA,MANUAL,Vend
502892,35508,Success, ,2026-05-19 10:08:45.000,2026-05-01 00:00:00.000,2026-05-01 00:00:00.000,"2906397",Mada-2906397,5262,SAR,SA,MANUAL,Vend
502893,35508,Success, ,2026-05-19 10:08:45.000,2026-05-01 00:00:00.000,2026-05-01 00:00:00.000,"2906389",Visa-2906389,1566,SAR,SA,MANUAL,Vend
502894,35508,Success, ,2026-05-19 10:08:46.000,2026-05-01 00:00:00.000,2026-05-01 00:00:00.000,"2906394",Cash-2906394,498,SAR,SA,MANUAL,Vend
502895,35508,Success, ,2026-05-19 10:08:46.000,2026-05-01 00:00:00.000,2026-05-01 00:00:00.000,"2906397",Cash-2906397,1235,SAR,SA,MANUAL,Vend
502896,35508,Success, ,2026-05-19 10:08:46.000,2026-05-01 00:00:00.000,2026-05-01 00:00:00.000,"2906389",Master-2906389,2771,SAR,SA,MANUAL,Vend
502897,35508,Success, ,2026-05-19 10:08:46.000,2026-05-01 00:00:00.000,2026-05-01 00:00:00.000,"2906394",Visa-2906394,596,SAR,SA,MANUAL,Vend
502898,35508,Success, ,2026-05-19 10:08:46.000,2026-05-01 00:00:00.000,2026-05-01 00:00:00.000,"2906397",Visa-2906397,424,SAR,SA,MANUAL,Vend
502899,35508,Success, ,2026-05-19 10:08:46.000,2026-05-01 00:00:00.000,2026-05-01 00:00:00.000,"2906394",Master-2906394,199,SAR,SA,MANUAL,Vend
502900,35508,Success, ,2026-05-19 10:08:46.000,2026-05-01 00:00:00.000,2026-05-01 00:00:00.000,"2906397",Master-2906397,212,SAR,SA,MANUAL,Vend
502901,35508,Success, ,2026-05-19 10:09:09.000,2026-05-01 00:00:00.000,2026-05-01 00:00:00.000,"2906396",Mada-2906396,5060,SAR,SA,MANUAL,Vend
502902,35508,Success, ,2026-05-19 10:09:10.000,2026-05-01 00:00:00.000,2026-05-01 00:00:00.000,"2906396",Cash-2906396,1901,SAR,SA,MANUAL,Vend
502903,35508,Success, ,2026-05-19 10:09:10.000,2026-05-01 00:00:00.000,2026-05-01 00:00:00.000,"2906396",Visa-2906396,4214,SAR,SA,MANUAL,Vend
502904,35508,Success, ,2026-05-19 10:09:11.000,2026-05-01 00:00:00.000,2026-05-01 00:00:00.000,"2906396",Master-2906396,2805,SAR,SA,MANUAL,Vend
502905,35508,Success, ,2026-05-19 10:09:19.000,2026-05-01 00:00:00.000,2026-05-01 00:00:00.000,"2906401",Mada-2906401,4160,SAR,SA,MANUAL,Vend
502912,35508,Success, ,2026-05-19 10:09:22.000,2026-05-01 00:00:00.000,2026-05-01 00:00:00.000,"2905635",Cash-2905635,1279,SAR,SA,MANUAL,Vend
502913,35508,Success, ,2026-05-19 10:09:22.000,2026-05-01 00:00:00.000,2026-05-01 00:00:00.000,"2905635",Visa-2905635,348,SAR,SA,MANUAL,Vend
502914,35508,Success, ,2026-05-19 10:09:27.000,2026-05-01 00:00:00.000,2026-05-01 00:00:00.000,"2906403",Mada-2906403,7213,SAR,SA,MANUAL,Vend
502915,35508,Success, ,2026-05-19 10:09:28.000,2026-05-01 00:00:00.000,2026-05-01 00:00:00.000,"2906403",Cash-2906403,1025,SAR,SA,MANUAL,Vend
504871,35639,Success, ,2026-06-01 11:20:19.000,2026-05-01 00:00:00.000,2026-05-01 00:00:00.000,"2910487",Mada-2910487,506,SAR,SA,MANUAL,Vend
504872,35639,Success, ,2026-06-01 11:20:19.000,2026-05-01 00:00:00.000,2026-05-01 00:00:00.000,"2910487",Cash-2910487,199,SAR,SA,MANUAL,Vend
504873,35639,Success, ,2026-06-01 11:20:21.000,2026-05-01 00:00:00.000,2026-05-01 00:00:00.000,"2910487",Visa-2910487,99,SAR,SA,MANUAL,Vend
502916,35508,Success, ,2026-05-19 10:09:28.000,2026-05-01 00:00:00.000,2026-05-01 00:00:00.000,"2906403",Visa-2906403,9321,SAR,SA,MANUAL,Vend
502917,35508,Success, ,2026-05-19 10:09:29.000,2026-05-01 00:00:00.000,2026-05-01 00:00:00.000,"2906403",Master-2906403,1466,SAR,SA,MANUAL,Vend
502964,35511,Success, ,2026-05-19 10:27:15.000,2026-05-01 00:00:00.000,2026-05-01 00:00:00.000,"2906436",Mada-2906436,2437,SAR,SA,MANUAL,Vend
502965,35511,Success, ,2026-05-19 10:27:16.000,2026-05-01 00:00:00.000,2026-05-01 00:00:00.000,"2906436",Cash-2906436,2107,SAR,SA,MANUAL,Vend
502966,35511,Success, ,2026-05-19 10:27:16.000,2026-05-01 00:00:00.000,2026-05-01 00:00:00.000,"2906436",Visa-2906436,398,SAR,SA,MANUAL,Vend
502967,35511,Success, ,2026-05-19 10:27:21.000,2026-05-01 00:00:00.000,2026-05-01 00:00:00.000,"2906437",Mada-2906437,4575,SAR,SA,MANUAL,Vend
502968,35511,Success, ,2026-05-19 10:27:22.000,2026-05-01 00:00:00.000,2026-05-01 00:00:00.000,"2906437",Cash-2906437,840,SAR,SA,MANUAL,Vend
502969,35511,Success, ,2026-05-19 10:27:22.000,2026-05-01 00:00:00.000,2026-05-01 00:00:00.000,"2906437",Visa-2906437,299,SAR,SA,MANUAL,Vend
502970,35511,Success, ,2026-05-19 10:27:42.000,2026-05-01 00:00:00.000,2026-05-01 00:00:00.000,"2905659",Mada-2905659,2352,SAR,SA,MANUAL,Vend
502971,35511,Success, ,2026-05-19 10:27:42.000,2026-05-01 00:00:00.000,2026-05-01 00:00:00.000,"2905659",Cash-2905659,398,SAR,SA,MANUAL,Vend
502972,35511,Success, ,2026-05-19 10:27:43.000,2026-05-01 00:00:00.000,2026-05-01 00:00:00.000,"2905659",Visa-2905659,298,SAR,SA,MANUAL,Vend
502973,35511,Success, ,2026-05-19 10:27:48.000,2026-05-01 00:00:00.000,2026-05-01 00:00:00.000,"2905656",Mada-2905656,5270,SAR,SA,MANUAL,Vend
502974,35511,Success, ,2026-05-19 10:27:49.000,2026-05-01 00:00:00.000,2026-05-01 00:00:00.000,"2905660",Mada-2905660,2290,SAR,SA,MANUAL,Vend
502975,35511,Success, ,2026-05-19 10:27:49.000,2026-05-01 00:00:00.000,2026-05-01 00:00:00.000,"2905656",Cash-2905656,404,SAR,SA,MANUAL,Vend
502976,35511,Success, ,2026-05-19 10:27:49.000,2026-05-01 00:00:00.000,2026-05-01 00:00:00.000,"2905658",Mada-2905658,5524,SAR,SA,MANUAL,Vend
502977,35511,Success, ,2026-05-19 10:27:49.000,2026-05-01 00:00:00.000,2026-05-01 00:00:00.000,"2905660",Cash-2905660,1977,SAR,SA,MANUAL,Vend
502978,35511,Success, ,2026-05-19 10:27:49.000,2026-05-01 00:00:00.000,2026-05-01 00:00:00.000,"2905656",Visa-2905656,548,SAR,SA,MANUAL,Vend
502979,35511,Success, ,2026-05-19 10:27:49.000,2026-05-01 00:00:00.000,2026-05-01 00:00:00.000,"2905660",Visa-2905660,2810,SAR,SA,MANUAL,Vend
502980,35511,Success, ,2026-05-19 10:27:50.000,2026-05-01 00:00:00.000,2026-05-01 00:00:00.000,"2905658",Cash-2905658,2460,SAR,SA,MANUAL,Vend
502981,35511,Success, ,2026-05-19 10:27:50.000,2026-05-01 00:00:00.000,2026-05-01 00:00:00.000,"2905660",Master-2905660,2067,SAR,SA,MANUAL,Vend
502982,35511,Success, ,2026-05-19 10:27:50.000,2026-05-01 00:00:00.000,2026-05-01 00:00:00.000,"2905658",Visa-2905658,922,SAR,SA,MANUAL,Vend
502983,35521,Success, ,2026-05-19 13:27:37.000,2026-05-01 00:00:00.000,2026-05-01 00:00:00.000,"2905666",Mada-2905666,1547,SAR,SA,MANUAL,Vend
504820,35638,Success, ,2026-06-01 11:14:28.000,2026-05-01 00:00:00.000,2026-05-01 00:00:00.000,"2909491",Visa-2909491,219,SAR,SA,MANUAL,Vend
504826,35638,Success, ,2026-06-01 11:14:46.000,2026-05-01 00:00:00.000,2026-05-01 00:00:00.000,"2910477",Cash-2910477,2515,SAR,SA,MANUAL,Vend
504830,35638,Success, ,2026-06-01 11:14:51.000,2026-05-01 00:00:00.000,2026-05-01 00:00:00.000,"2910478",Cash-2910478,735,SAR,SA,MANUAL,Vend
504833,35638,Success, ,2026-06-01 11:15:01.000,2026-05-01 00:00:00.000,2026-05-01 00:00:00.000,"2909496",Mada-2909496,1055,SAR,SA,MANUAL,Vend
504834,35638,Success, ,2026-06-01 11:15:02.000,2026-05-01 00:00:00.000,2026-05-01 00:00:00.000,"2909496",Cash-2909496,768,SAR,SA,MANUAL,Vend
504835,35638,Success, ,2026-06-01 11:15:02.000,2026-05-01 00:00:00.000,2026-05-01 00:00:00.000,"2909496",Visa-2909496,135,SAR,SA,MANUAL,Vend
504836,35638,Success, ,2026-06-01 11:15:02.000,2026-05-01 00:00:00.000,2026-05-01 00:00:00.000,"2909496",Master-2909496,398,SAR,SA,MANUAL,Vend
504837,35638,Success, ,2026-06-01 11:15:05.000,2026-05-01 00:00:00.000,2026-05-01 00:00:00.000,"2909490",Mada-2909490,1444,SAR,SA,MANUAL,Vend
504838,35638,Success, ,2026-06-01 11:15:06.000,2026-05-01 00:00:00.000,2026-05-01 00:00:00.000,"2909490",Visa-2909490,199,SAR,SA,MANUAL,Vend
504840,35638,Success, ,2026-06-01 11:15:17.000,2026-05-01 00:00:00.000,2026-05-01 00:00:00.000,"2910476",Mada-2910476,5275,SAR,SA,MANUAL,Vend
504841,35638,Success, ,2026-06-01 11:15:17.000,2026-05-01 00:00:00.000,2026-05-01 00:00:00.000,"2910476",Cash-2910476,448,SAR,SA,MANUAL,Vend
504842,35638,Success, ,2026-06-01 11:15:18.000,2026-05-01 00:00:00.000,2026-05-01 00:00:00.000,"2909495",Mada-2909495,658,SAR,SA,MANUAL,Vend
504843,35638,Success, ,2026-06-01 11:15:18.000,2026-05-01 00:00:00.000,2026-05-01 00:00:00.000,"2910476",Visa-2910476,174,SAR,SA,MANUAL,Vend
504844,35638,Success, ,2026-06-01 11:15:18.000,2026-05-01 00:00:00.000,2026-05-01 00:00:00.000,"2909495",Cash-2909495,239,SAR,SA,MANUAL,Vend
504845,35638,Success, ,2026-06-01 11:15:18.000,2026-05-01 00:00:00.000,2026-05-01 00:00:00.000,"2910476",Master-2910476,199,SAR,SA,MANUAL,Vend
504846,35638,Success, ,2026-06-01 11:15:19.000,2026-05-01 00:00:00.000,2026-05-01 00:00:00.000,"2910479",Mada-2910479,2630,SAR,SA,MANUAL,Vend
504850,35638,Success, ,2026-06-01 11:15:32.000,2026-05-01 00:00:00.000,2026-05-01 00:00:00.000,"2909499",Mada-2909499,3770,SAR,SA,MANUAL,Vend
504851,35638,Success, ,2026-06-01 11:15:32.000,2026-05-01 00:00:00.000,2026-05-01 00:00:00.000,"2909499",Cash-2909499,1574,SAR,SA,MANUAL,Vend
504852,35638,Success, ,2026-06-01 11:15:32.000,2026-05-01 00:00:00.000,2026-05-01 00:00:00.000,"2909499",Visa-2909499,5744,SAR,SA,MANUAL,Vend
504853,35638,Success, ,2026-06-01 11:15:33.000,2026-05-01 00:00:00.000,2026-05-01 00:00:00.000,"2909499",Master-2909499,162,SAR,SA,MANUAL,Vend
504854,35638,Success, ,2026-06-01 11:15:43.000,2026-05-01 00:00:00.000,2026-05-01 00:00:00.000,"2909497",Mada-2909497,5096,SAR,SA,MANUAL,Vend
504855,35638,Success, ,2026-06-01 11:15:43.000,2026-05-01 00:00:00.000,2026-05-01 00:00:00.000,"2909500",Mada-2909500,5273,SAR,SA,MANUAL,Vend
504856,35638,Success, ,2026-06-01 11:15:43.000,2026-05-01 00:00:00.000,2026-05-01 00:00:00.000,"2909504",Mada-2909504,12210,SAR,SA,MANUAL,Vend
504857,35638,Success, ,2026-06-01 11:15:43.000,2026-05-01 00:00:00.000,2026-05-01 00:00:00.000,"2909497",Visa-2909497,724,SAR,SA,MANUAL,Vend
504858,35638,Success, ,2026-06-01 11:15:44.000,2026-05-01 00:00:00.000,2026-05-01 00:00:00.000,"2909500",Cash-2909500,5165,SAR,SA,MANUAL,Vend
504859,35638,Success, ,2026-06-01 11:15:44.000,2026-05-01 00:00:00.000,2026-05-01 00:00:00.000,"2909497",Master-2909497,224,SAR,SA,MANUAL,Vend
504860,35638,Success, ,2026-06-01 11:15:44.000,2026-05-01 00:00:00.000,2026-05-01 00:00:00.000,"2909504",Cash-2909504,1434,SAR,SA,MANUAL,Vend
504861,35638,Success, ,2026-06-01 11:15:44.000,2026-05-01 00:00:00.000,2026-05-01 00:00:00.000,"2909500",Visa-2909500,391,SAR,SA,MANUAL,Vend
504862,35638,Success, ,2026-06-01 11:15:44.000,2026-05-01 00:00:00.000,2026-05-01 00:00:00.000,"2909504",Visa-2909504,6195,SAR,SA,MANUAL,Vend
504863,35638,Success, ,2026-06-01 11:15:45.000,2026-05-01 00:00:00.000,2026-05-01 00:00:00.000,"2909504",Master-2909504,2287,SAR,SA,MANUAL,Vend
504864,35638,Success, ,2026-06-01 11:15:48.000,2026-05-01 00:00:00.000,2026-05-01 00:00:00.000,"2909503",Mada-2909503,12720,SAR,SA,MANUAL,Vend
504865,35638,Success, ,2026-06-01 11:15:48.000,2026-05-01 00:00:00.000,2026-05-01 00:00:00.000,"2910485",Mada-2910485,2879,SAR,SA,MANUAL,Vend
504866,35638,Success, ,2026-06-01 11:15:48.000,2026-05-01 00:00:00.000,2026-05-01 00:00:00.000,"2910485",Cash-2910485,214,SAR,SA,MANUAL,Vend
504867,35638,Success, ,2026-06-01 11:15:48.000,2026-05-01 00:00:00.000,2026-05-01 00:00:00.000,"2909503",Cash-2909503,694,SAR,SA,MANUAL,Vend
504868,35638,Success, ,2026-06-01 11:15:49.000,2026-05-01 00:00:00.000,2026-05-01 00:00:00.000,"2909503",Visa-2909503,2673,SAR,SA,MANUAL,Vend
504869,35638,Success, ,2026-06-01 11:15:49.000,2026-05-01 00:00:00.000,2026-05-01 00:00:00.000,"2910485",Visa-2910485,299,SAR,SA,MANUAL,Vend
504870,35638,Success, ,2026-06-01 11:15:49.000,2026-05-01 00:00:00.000,2026-05-01 00:00:00.000,"2909503",Master-2909503,598,SAR,SA,MANUAL,Vend
504978,35641,Success, ,2026-06-01 11:50:38.000,2026-05-01 00:00:00.000,2026-05-01 00:00:00.000,"2910514",Mada-2910514,2073,SAR,SA,MANUAL,Vend
504979,35641,Success, ,2026-06-01 11:50:39.000,2026-05-01 00:00:00.000,2026-05-01 00:00:00.000,"2910514",Cash-2910514,397,SAR,SA,MANUAL,Vend
504980,35641,Success, ,2026-06-01 11:50:39.000,2026-05-01 00:00:00.000,2026-05-01 00:00:00.000,"2910514",Visa-2910514,527,SAR,SA,MANUAL,Vend
504981,35641,Success, ,2026-06-01 11:50:39.000,2026-05-01 00:00:00.000,2026-05-01 00:00:00.000,"2910514",Master-2910514,199,SAR,SA,MANUAL,Vend
504982,35641,Success, ,2026-06-01 11:50:42.000,2026-05-01 00:00:00.000,2026-05-01 00:00:00.000,"2909563",Mada-2909563,2991,SAR,SA,MANUAL,Vend
504983,35641,Success, ,2026-06-01 11:50:42.000,2026-05-01 00:00:00.000,2026-05-01 00:00:00.000,"2909563",Cash-2909563,559,SAR,SA,MANUAL,Vend
504985,35641,Success, ,2026-06-01 11:50:43.000,2026-05-01 00:00:00.000,2026-05-01 00:00:00.000,"2909563",Master-2909563,299,SAR,SA,MANUAL,Vend
504986,35641,Success, ,2026-06-01 11:50:51.000,2026-05-01 00:00:00.000,2026-05-01 00:00:00.000,"2910513",Mada-2910513,2583,SAR,SA,MANUAL,Vend
504987,35641,Success, ,2026-06-01 11:50:51.000,2026-05-01 00:00:00.000,2026-05-01 00:00:00.000,"2910513",Cash-2910513,199,SAR,SA,MANUAL,Vend
504874,35639,Success, ,2026-06-01 11:20:25.000,2026-05-01 00:00:00.000,2026-05-01 00:00:00.000,"2909512",Mada-2909512,2146,SAR,SA,MANUAL,Vend
504876,35639,Success, ,2026-06-01 11:21:00.000,2026-05-01 00:00:00.000,2026-05-01 00:00:00.000,"2910492",Mada-2910492,3659,SAR,SA,MANUAL,Vend
504879,35639,Success, ,2026-06-01 11:21:01.000,2026-05-01 00:00:00.000,2026-05-01 00:00:00.000,"2909516",Cash-2909516,947,SAR,SA,MANUAL,Vend
504880,35639,Success, ,2026-06-01 11:21:01.000,2026-05-01 00:00:00.000,2026-05-01 00:00:00.000,"2910492",Master-2910492,388,SAR,SA,MANUAL,Vend
504881,35639,Success, ,2026-06-01 11:21:01.000,2026-05-01 00:00:00.000,2026-05-01 00:00:00.000,"2909516",Visa-2909516,1652,SAR,SA,MANUAL,Vend
504882,35639,Success, ,2026-06-01 11:21:01.000,2026-05-01 00:00:00.000,2026-05-01 00:00:00.000,"2909516",Master-2909516,1159,SAR,SA,MANUAL,Vend
504883,35639,Success, ,2026-06-01 11:21:05.000,2026-05-01 00:00:00.000,2026-05-01 00:00:00.000,"2909517",Mada-2909517,1793,SAR,SA,MANUAL,Vend
504884,35639,Success, ,2026-06-01 11:21:06.000,2026-05-01 00:00:00.000,2026-05-01 00:00:00.000,"2909517",Cash-2909517,2767,SAR,SA,MANUAL,Vend
504885,35639,Success, ,2026-06-01 11:21:06.000,2026-05-01 00:00:00.000,2026-05-01 00:00:00.000,"2909517",Visa-2909517,2194,SAR,SA,MANUAL,Vend
504886,35639,Success, ,2026-06-01 11:21:06.000,2026-05-01 00:00:00.000,2026-05-01 00:00:00.000,"2909517",Master-2909517,199,SAR,SA,MANUAL,Vend
504887,35639,Success, ,2026-06-01 11:21:18.000,2026-05-01 00:00:00.000,2026-05-01 00:00:00.000,"2909518",Mada-2909518,3509,SAR,SA,MANUAL,Vend
504888,35639,Success, ,2026-06-01 11:21:18.000,2026-05-01 00:00:00.000,2026-05-01 00:00:00.000,"2909518",Cash-2909518,179,SAR,SA,MANUAL,Vend
504889,35639,Success, ,2026-06-01 11:21:18.000,2026-05-01 00:00:00.000,2026-05-01 00:00:00.000,"2909518",Visa-2909518,1107,SAR,SA,MANUAL,Vend
504893,35639,Success, ,2026-06-01 11:22:02.000,2026-05-01 00:00:00.000,2026-05-01 00:00:00.000,"2910491",Cash-2910491,1217,SAR,SA,MANUAL,Vend
504894,35639,Success, ,2026-06-01 11:22:03.000,2026-05-01 00:00:00.000,2026-05-01 00:00:00.000,"2910491",Visa-2910491,648,SAR,SA,MANUAL,Vend
504895,35639,Success, ,2026-06-01 11:22:03.000,2026-05-01 00:00:00.000,2026-05-01 00:00:00.000,"2910491",Master-2910491,936,SAR,SA,MANUAL,Vend
504896,35639,Success, ,2026-06-01 11:22:07.000,2026-05-01 00:00:00.000,2026-05-01 00:00:00.000,"2910497",Mada-2910497,6498,SAR,SA,MANUAL,Vend
504897,35639,Success, ,2026-06-01 11:22:08.000,2026-05-01 00:00:00.000,2026-05-01 00:00:00.000,"2910497",Cash-2910497,717,SAR,SA,MANUAL,Vend
504898,35639,Success, ,2026-06-01 11:22:08.000,2026-05-01 00:00:00.000,2026-05-01 00:00:00.000,"2910494",Mada-2910494,9658,SAR,SA,MANUAL,Vend
504899,35639,Success, ,2026-06-01 11:22:08.000,2026-05-01 00:00:00.000,2026-05-01 00:00:00.000,"2910497",Visa-2910497,1282,SAR,SA,MANUAL,Vend
504900,35639,Success, ,2026-06-01 11:22:09.000,2026-05-01 00:00:00.000,2026-05-01 00:00:00.000,"2910494",Cash-2910494,3036,SAR,SA,MANUAL,Vend
504901,35639,Success, ,2026-06-01 11:22:09.000,2026-05-01 00:00:00.000,2026-05-01 00:00:00.000,"2910496",Mada-2910496,6634,SAR,SA,MANUAL,Vend
504902,35639,Success, ,2026-06-01 11:22:09.000,2026-05-01 00:00:00.000,2026-05-01 00:00:00.000,"2910497",Master-2910497,370,SAR,SA,MANUAL,Vend
504903,35639,Success, ,2026-06-01 11:22:09.000,2026-05-01 00:00:00.000,2026-05-01 00:00:00.000,"2910494",Visa-2910494,2239,SAR,SA,MANUAL,Vend
504904,35639,Success, ,2026-06-01 11:22:09.000,2026-05-01 00:00:00.000,2026-05-01 00:00:00.000,"2910496",Cash-2910496,2473.05,SAR,SA,MANUAL,Vend
504905,35639,Success, ,2026-06-01 11:22:09.000,2026-05-01 00:00:00.000,2026-05-01 00:00:00.000,"2910494",Master-2910494,2657,SAR,SA,MANUAL,Vend
504909,35639,Success, ,2026-06-01 11:22:10.000,2026-05-01 00:00:00.000,2026-05-01 00:00:00.000,"2909521",Visa-2909521,162,SAR,SA,MANUAL,Vend
504911,35639,Success, ,2026-06-01 11:22:11.000,2026-05-01 00:00:00.000,2026-05-01 00:00:00.000,"2909520",AMEX-2909520,497,SAR,SA,MANUAL,Vend
504912,35639,Success, ,2026-06-01 11:22:12.000,2026-05-01 00:00:00.000,2026-05-01 00:00:00.000,"2909520",Cash-2909520,349,SAR,SA,MANUAL,Vend
504913,35639,Success, ,2026-06-01 11:22:12.000,2026-05-01 00:00:00.000,2026-05-01 00:00:00.000,"2909520",Visa-2909520,2233,SAR,SA,MANUAL,Vend
504922,35639,Success, ,2026-06-01 11:22:14.000,2026-05-01 00:00:00.000,2026-05-01 00:00:00.000,"2910498",Mada-2910498,8063,SAR,SA,MANUAL,Vend
504926,35639,Success, ,2026-06-01 11:22:15.000,2026-05-01 00:00:00.000,2026-05-01 00:00:00.000,"2910498",Visa-2910498,2470,SAR,SA,MANUAL,Vend
504927,35639,Success, ,2026-06-01 11:22:15.000,2026-05-01 00:00:00.000,2026-05-01 00:00:00.000,"2909522",Visa-2909522,199,SAR,SA,MANUAL,Vend
504928,35639,Success, ,2026-06-01 11:22:16.000,2026-05-01 00:00:00.000,2026-05-01 00:00:00.000,"2910498",Master-2910498,3817,SAR,SA,MANUAL,Vend
504929,35640,Success, ,2026-06-01 11:46:20.000,2026-05-01 00:00:00.000,2026-05-01 00:00:00.000,"2909542",Mada-2909542,6032,SAR,SA,MANUAL,Vend
504932,35640,Success, ,2026-06-01 11:46:22.000,2026-05-01 00:00:00.000,2026-05-01 00:00:00.000,"2909533",Cash-2909533,10,SAR,SA,MANUAL,Vend
504933,35640,Success, ,2026-06-01 11:46:23.000,2026-05-01 00:00:00.000,2026-05-01 00:00:00.000,"2909533",Visa-2909533,897,SAR,SA,MANUAL,Vend
504934,35640,Success, ,2026-06-01 11:46:36.000,2026-05-01 00:00:00.000,2026-05-01 00:00:00.000,"2910505",Mada-2910505,7691,SAR,SA,MANUAL,Vend
504935,35640,Success, ,2026-06-01 11:46:36.000,2026-05-01 00:00:00.000,2026-05-01 00:00:00.000,"2910505",Cash-2910505,1238,SAR,SA,MANUAL,Vend
504936,35640,Success, ,2026-06-01 11:46:37.000,2026-05-01 00:00:00.000,2026-05-01 00:00:00.000,"2910505",Visa-2910505,1810,SAR,SA,MANUAL,Vend
504937,35640,Success, ,2026-06-01 11:46:37.000,2026-05-01 00:00:00.000,2026-05-01 00:00:00.000,"2910505",Master-2910505,398,SAR,SA,MANUAL,Vend
504938,35640,Success, ,2026-06-01 11:46:52.000,2026-05-01 00:00:00.000,2026-05-01 00:00:00.000,"2909547",Mada-2909547,3249,SAR,SA,MANUAL,Vend
504939,35640,Success, ,2026-06-01 11:46:53.000,2026-05-01 00:00:00.000,2026-05-01 00:00:00.000,"2909547",Cash-2909547,1793,SAR,SA,MANUAL,Vend
504940,35640,Success, ,2026-06-01 11:46:53.000,2026-05-01 00:00:00.000,2026-05-01 00:00:00.000,"2909547",Visa-2909547,1254,SAR,SA,MANUAL,Vend
504941,35640,Success, ,2026-06-01 11:46:58.000,2026-05-01 00:00:00.000,2026-05-01 00:00:00.000,"2910508",Mada-2910508,4365,SAR,SA,MANUAL,Vend
504942,35640,Success, ,2026-06-01 11:46:58.000,2026-05-01 00:00:00.000,2026-05-01 00:00:00.000,"2909539",Mada-2909539,4384.44,SAR,SA,MANUAL,Vend
504943,35640,Success, ,2026-06-01 11:46:58.000,2026-05-01 00:00:00.000,2026-05-01 00:00:00.000,"2910508",Cash-2910508,394,SAR,SA,MANUAL,Vend
504944,35640,Success, ,2026-06-01 11:46:58.000,2026-05-01 00:00:00.000,2026-05-01 00:00:00.000,"2909539",Cash-2909539,1237.98,SAR,SA,MANUAL,Vend
504945,35640,Success, ,2026-06-01 11:46:59.000,2026-05-01 00:00:00.000,2026-05-01 00:00:00.000,"2910508",Visa-2910508,556,SAR,SA,MANUAL,Vend
504946,35640,Success, ,2026-06-01 11:46:59.000,2026-05-01 00:00:00.000,2026-05-01 00:00:00.000,"2909539",Visa-2909539,199.01,SAR,SA,MANUAL,Vend
504955,35640,Success, ,2026-06-01 11:47:20.000,2026-05-01 00:00:00.000,2026-05-01 00:00:00.000,"2909549",Mada-2909549,6373,SAR,SA,MANUAL,Vend
504956,35640,Success, ,2026-06-01 11:47:20.000,2026-05-01 00:00:00.000,2026-05-01 00:00:00.000,"2909549",Cash-2909549,1940,SAR,SA,MANUAL,Vend
504957,35640,Success, ,2026-06-01 11:47:21.000,2026-05-01 00:00:00.000,2026-05-01 00:00:00.000,"2909549",Visa-2909549,1214,SAR,SA,MANUAL,Vend
504958,35640,Success, ,2026-06-01 11:47:27.000,2026-05-01 00:00:00.000,2026-05-01 00:00:00.000,"2909545",Mada-2909545,3832,SAR,SA,MANUAL,Vend
504959,35640,Success, ,2026-06-01 11:47:27.000,2026-05-01 00:00:00.000,2026-05-01 00:00:00.000,"2909545",Cash-2909545,597,SAR,SA,MANUAL,Vend
504960,35640,Success, ,2026-06-01 11:47:28.000,2026-05-01 00:00:00.000,2026-05-01 00:00:00.000,"2909545",Visa-2909545,299,SAR,SA,MANUAL,Vend
504961,35640,Success, ,2026-06-01 11:47:28.000,2026-05-01 00:00:00.000,2026-05-01 00:00:00.000,"2910509",Mada-2910509,4328,SAR,SA,MANUAL,Vend
504962,35640,Success, ,2026-06-01 11:47:28.000,2026-05-01 00:00:00.000,2026-05-01 00:00:00.000,"2910509",Cash-2910509,698,SAR,SA,MANUAL,Vend
504963,35640,Success, ,2026-06-01 11:47:29.000,2026-05-01 00:00:00.000,2026-05-01 00:00:00.000,"2910509",Master-2910509,299,SAR,SA,MANUAL,Vend
504964,35640,Success, ,2026-06-01 11:47:29.000,2026-05-01 00:00:00.000,2026-05-01 00:00:00.000,"2910507",Mada-2910507,6374,SAR,SA,MANUAL,Vend
504965,35640,Success, ,2026-06-01 11:47:30.000,2026-05-01 00:00:00.000,2026-05-01 00:00:00.000,"2910507",Cash-2910507,500,SAR,SA,MANUAL,Vend
504966,35640,Success, ,2026-06-01 11:47:30.000,2026-05-01 00:00:00.000,2026-05-01 00:00:00.000,"2909552",Mada-2909552,9369,SAR,SA,MANUAL,Vend
504967,35640,Success, ,2026-06-01 11:47:30.000,2026-05-01 00:00:00.000,2026-05-01 00:00:00.000,"2909551",Mada-2909551,5128,SAR,SA,MANUAL,Vend
504968,35640,Success, ,2026-06-01 11:47:30.000,2026-05-01 00:00:00.000,2026-05-01 00:00:00.000,"2910507",Visa-2910507,3163,SAR,SA,MANUAL,Vend
504969,35640,Success, ,2026-06-01 11:47:30.000,2026-05-01 00:00:00.000,2026-05-01 00:00:00.000,"2909551",Cash-2909551,3652,SAR,SA,MANUAL,Vend
504970,35640,Success, ,2026-06-01 11:47:30.000,2026-05-01 00:00:00.000,2026-05-01 00:00:00.000,"2909552",Cash-2909552,458,SAR,SA,MANUAL,Vend
504971,35640,Success, ,2026-06-01 11:47:31.000,2026-05-01 00:00:00.000,2026-05-01 00:00:00.000,"2910507",Master-2910507,675,SAR,SA,MANUAL,Vend
504972,35640,Success, ,2026-06-01 11:47:31.000,2026-05-01 00:00:00.000,2026-05-01 00:00:00.000,"2909551",Visa-2909551,299,SAR,SA,MANUAL,Vend
504973,35640,Success, ,2026-06-01 11:47:31.000,2026-05-01 00:00:00.000,2026-05-01 00:00:00.000,"2909552",Visa-2909552,1134,SAR,SA,MANUAL,Vend
504974,35640,Success, ,2026-06-01 11:47:31.000,2026-05-01 00:00:00.000,2026-05-01 00:00:00.000,"2909551",Master-2909551,573,SAR,SA,MANUAL,Vend
505007,35641,Success, ,2026-06-01 11:52:05.000,2026-05-01 00:00:00.000,2026-05-01 00:00:00.000,"2910517",Master-2910517,598,SAR,SA,MANUAL,Vend
505008,35641,Success, ,2026-06-01 11:52:06.000,2026-05-01 00:00:00.000,2026-05-01 00:00:00.000,"2909574",Mada-2909574,7085.14,SAR,SA,MANUAL,Vend
505009,35641,Success, ,2026-06-01 11:52:06.000,2026-05-01 00:00:00.000,2026-05-01 00:00:00.000,"2909574",Cash-2909574,1047.06,SAR,SA,MANUAL,Vend
505010,35641,Success, ,2026-06-01 11:52:06.000,2026-05-01 00:00:00.000,2026-05-01 00:00:00.000,"2909574",Visa-2909574,1334.17,SAR,SA,MANUAL,Vend
505011,35641,Success, ,2026-06-01 11:52:07.000,2026-05-01 00:00:00.000,2026-05-01 00:00:00.000,"2909574",Master-2909574,375.6,SAR,SA,MANUAL,Vend
505012,35641,Success, ,2026-06-01 11:52:15.000,2026-05-01 00:00:00.000,2026-05-01 00:00:00.000,"2909571",Mada-2909571,8320,SAR,SA,MANUAL,Vend
505013,35641,Success, ,2026-06-01 11:52:15.000,2026-05-01 00:00:00.000,2026-05-01 00:00:00.000,"2909571",Cash-2909571,2269,SAR,SA,MANUAL,Vend
499187,35356,Success, ,2026-05-15 17:50:02.000,2026-05-01 00:00:00.000,2026-05-01 00:00:00.000,"2900815",Mada-2900815,822,SAR,SA,MANUAL,Vend
504818,35638,Success, ,2026-06-01 11:14:27.000,2026-05-01 00:00:00.000,2026-05-01 00:00:00.000,"2909491",Mada-2909491,1984,SAR,SA,MANUAL,Vend
504821,35638,Success, ,2026-06-01 11:14:38.000,2026-05-01 00:00:00.000,2026-05-01 00:00:00.000,"2909492",Mada-2909492,4979,SAR,SA,MANUAL,Vend
504822,35638,Success, ,2026-06-01 11:14:38.000,2026-05-01 00:00:00.000,2026-05-01 00:00:00.000,"2909492",Cash-2909492,249,SAR,SA,MANUAL,Vend
504823,35638,Success, ,2026-06-01 11:14:39.000,2026-05-01 00:00:00.000,2026-05-01 00:00:00.000,"2909492",Visa-2909492,299,SAR,SA,MANUAL,Vend
504824,35638,Success, ,2026-06-01 11:14:39.000,2026-05-01 00:00:00.000,2026-05-01 00:00:00.000,"2909492",Master-2909492,160,SAR,SA,MANUAL,Vend
504825,35638,Success, ,2026-06-01 11:14:46.000,2026-05-01 00:00:00.000,2026-05-01 00:00:00.000,"2910477",Mada-2910477,4863,SAR,SA,MANUAL,Vend
504827,35638,Success, ,2026-06-01 11:14:46.000,2026-05-01 00:00:00.000,2026-05-01 00:00:00.000,"2910477",Visa-2910477,304,SAR,SA,MANUAL,Vend
504828,35638,Success, ,2026-06-01 11:14:47.000,2026-05-01 00:00:00.000,2026-05-01 00:00:00.000,"2910477",Master-2910477,399,SAR,SA,MANUAL,Vend
504829,35638,Success, ,2026-06-01 11:14:51.000,2026-05-01 00:00:00.000,2026-05-01 00:00:00.000,"2910478",Mada-2910478,3541,SAR,SA,MANUAL,Vend
504831,35638,Success, ,2026-06-01 11:14:52.000,2026-05-01 00:00:00.000,2026-05-01 00:00:00.000,"2910478",Visa-2910478,214,SAR,SA,MANUAL,Vend
504832,35638,Success, ,2026-06-01 11:14:52.000,2026-05-01 00:00:00.000,2026-05-01 00:00:00.000,"2910478",Master-2910478,380,SAR,SA,MANUAL,Vend
504975,35641,Success, ,2026-06-01 11:50:35.000,2026-05-01 00:00:00.000,2026-05-01 00:00:00.000,"2909562",Mada-2909562,2119,SAR,SA,MANUAL,Vend
504976,35641,Success, ,2026-06-01 11:50:35.000,2026-05-01 00:00:00.000,2026-05-01 00:00:00.000,"2909562",Cash-2909562,602,SAR,SA,MANUAL,Vend
504977,35641,Success, ,2026-06-01 11:50:36.000,2026-05-01 00:00:00.000,2026-05-01 00:00:00.000,"2909562",Visa-2909562,160,SAR,SA,MANUAL,Vend
504984,35641,Success, ,2026-06-01 11:50:42.000,2026-05-01 00:00:00.000,2026-05-01 00:00:00.000,"2909563",Visa-2909563,598,SAR,SA,MANUAL,Vend
504988,35641,Success, ,2026-06-01 11:50:52.000,2026-05-01 00:00:00.000,2026-05-01 00:00:00.000,"2910513",Master-2910513,199,SAR,SA,MANUAL,Vend
504989,35641,Success, ,2026-06-01 11:51:04.000,2026-05-01 00:00:00.000,2026-05-01 00:00:00.000,"2909569",Mada-2909569,2482,SAR,SA,MANUAL,Vend
504990,35641,Success, ,2026-06-01 11:51:04.000,2026-05-01 00:00:00.000,2026-05-01 00:00:00.000,"2909569",Visa-2909569,1587,SAR,SA,MANUAL,Vend
504991,35641,Success, ,2026-06-01 11:51:05.000,2026-05-01 00:00:00.000,2026-05-01 00:00:00.000,"2909569",Master-2909569,199,SAR,SA,MANUAL,Vend
504992,35641,Success, ,2026-06-01 11:51:12.000,2026-05-01 00:00:00.000,2026-05-01 00:00:00.000,"2909565",Mada-2909565,5082,SAR,SA,MANUAL,Vend
504993,35641,Success, ,2026-06-01 11:51:12.000,2026-05-01 00:00:00.000,2026-05-01 00:00:00.000,"2909565",Cash-2909565,109,SAR,SA,MANUAL,Vend
504994,35641,Success, ,2026-06-01 11:51:13.000,2026-05-01 00:00:00.000,2026-05-01 00:00:00.000,"2909565",Visa-2909565,105,SAR,SA,MANUAL,Vend
504995,35641,Success, ,2026-06-01 11:51:26.000,2026-05-01 00:00:00.000,2026-05-01 00:00:00.000,"2910523",Mada-2910523,4230,SAR,SA,MANUAL,Vend
504996,35641,Success, ,2026-06-01 11:51:27.000,2026-05-01 00:00:00.000,2026-05-01 00:00:00.000,"2910523",Cash-2910523,1307,SAR,SA,MANUAL,Vend
504997,35641,Success, ,2026-06-01 11:51:27.000,2026-05-01 00:00:00.000,2026-05-01 00:00:00.000,"2910523",Visa-2910523,1788,SAR,SA,MANUAL,Vend
504998,35641,Success, ,2026-06-01 11:51:38.000,2026-05-01 00:00:00.000,2026-05-01 00:00:00.000,"2910520",Mada-2910520,1793,SAR,SA,MANUAL,Vend
504999,35641,Success, ,2026-06-01 11:51:38.000,2026-05-01 00:00:00.000,2026-05-01 00:00:00.000,"2910520",Cash-2910520,1414,SAR,SA,MANUAL,Vend
505000,35641,Success, ,2026-06-01 11:51:39.000,2026-05-01 00:00:00.000,2026-05-01 00:00:00.000,"2910520",Visa-2910520,2143,SAR,SA,MANUAL,Vend
505001,35641,Success, ,2026-06-01 11:51:47.000,2026-05-01 00:00:00.000,2026-05-01 00:00:00.000,"2909570",Mada-2909570,3998,SAR,SA,MANUAL,Vend
499270,35359,Success, ,2026-05-15 20:07:32.000,2026-05-01 00:00:00.000,2026-05-01 00:00:00.000,"2902193",Cash-2902193,527,SAR,SA,MANUAL,Vend
499272,35359,Success, ,2026-05-15 20:07:37.000,2026-05-01 00:00:00.000,2026-05-01 00:00:00.000,"2900822",Mada-2900822,4166,SAR,SA,MANUAL,Vend
499273,35359,Success, ,2026-05-15 20:07:38.000,2026-05-01 00:00:00.000,2026-05-01 00:00:00.000,"2900822",Cash-2900822,1443,SAR,SA,MANUAL,Vend
499281,35359,Success, ,2026-05-15 20:08:01.000,2026-05-01 00:00:00.000,2026-05-01 00:00:00.000,"2900824",Visa-2900824,109,SAR,SA,MANUAL,Vend
499284,35359,Success, ,2026-05-15 20:08:06.000,2026-05-01 00:00:00.000,2026-05-01 00:00:00.000,"2900825",Cash-2900825,815,SAR,SA,MANUAL,Vend
499287,35359,Success, ,2026-05-15 20:08:11.000,2026-05-01 00:00:00.000,2026-05-01 00:00:00.000,"2902191",Mada-2902191,4923,SAR,SA,MANUAL,Vend
499288,35359,Success, ,2026-05-15 20:08:11.000,2026-05-01 00:00:00.000,2026-05-01 00:00:00.000,"2902191",Cash-2902191,1069,SAR,SA,MANUAL,Vend
499289,35359,Success, ,2026-05-15 20:08:12.000,2026-05-01 00:00:00.000,2026-05-01 00:00:00.000,"2902195",Mada-2902195,6533,SAR,SA,MANUAL,Vend
499290,35359,Success, ,2026-05-15 20:08:12.000,2026-05-01 00:00:00.000,2026-05-01 00:00:00.000,"2902191",Visa-2902191,1056,SAR,SA,MANUAL,Vend
499291,35359,Success, ,2026-05-15 20:08:12.000,2026-05-01 00:00:00.000,2026-05-01 00:00:00.000,"2902195",Cash-2902195,2478,SAR,SA,MANUAL,Vend
499292,35359,Success, ,2026-05-15 20:08:12.000,2026-05-01 00:00:00.000,2026-05-01 00:00:00.000,"2902195",Visa-2902195,3977,SAR,SA,MANUAL,Vend
499293,35359,Success, ,2026-05-15 20:08:12.000,2026-05-01 00:00:00.000,2026-05-01 00:00:00.000,"2900827",Mada-2900827,3007.31,SAR,SA,MANUAL,Vend
499294,35359,Success, ,2026-05-15 20:08:13.000,2026-05-01 00:00:00.000,2026-05-01 00:00:00.000,"2900829",Mada-2900829,5892,SAR,SA,MANUAL,Vend
499295,35359,Success, ,2026-05-15 20:08:13.000,2026-05-01 00:00:00.000,2026-05-01 00:00:00.000,"2902195",Master-2902195,1792,SAR,SA,MANUAL,Vend
499296,35359,Success, ,2026-05-15 20:08:13.000,2026-05-01 00:00:00.000,2026-05-01 00:00:00.000,"2900827",Cash-2900827,556.12,SAR,SA,MANUAL,Vend
499297,35359,Success, ,2026-05-15 20:08:13.000,2026-05-01 00:00:00.000,2026-05-01 00:00:00.000,"2900829",Cash-2900829,637,SAR,SA,MANUAL,Vend
499298,35359,Success, ,2026-05-15 20:08:13.000,2026-05-01 00:00:00.000,2026-05-01 00:00:00.000,"2900828",Mada-2900828,7737,SAR,SA,MANUAL,Vend
499299,35359,Success, ,2026-05-15 20:08:13.000,2026-05-01 00:00:00.000,2026-05-01 00:00:00.000,"2900827",Visa-2900827,2026.1,SAR,SA,MANUAL,Vend
499300,35359,Success, ,2026-05-15 20:08:13.000,2026-05-01 00:00:00.000,2026-05-01 00:00:00.000,"2900829",Visa-2900829,1234,SAR,SA,MANUAL,Vend
499301,35359,Success, ,2026-05-15 20:08:13.000,2026-05-01 00:00:00.000,2026-05-01 00:00:00.000,"2900828",Cash-2900828,2165,SAR,SA,MANUAL,Vend
499302,35359,Success, ,2026-05-15 20:08:14.000,2026-05-01 00:00:00.000,2026-05-01 00:00:00.000,"2900827",Master-2900827,498.03,SAR,SA,MANUAL,Vend
499303,35359,Success, ,2026-05-15 20:08:14.000,2026-05-01 00:00:00.000,2026-05-01 00:00:00.000,"2900828",Visa-2900828,1459,SAR,SA,MANUAL,Vend
499304,35359,Success, ,2026-05-15 20:08:14.000,2026-05-01 00:00:00.000,2026-05-01 00:00:00.000,"2900828",Master-2900828,199,SAR,SA,MANUAL,Vend
499305,35359,Success, ,2026-05-15 20:08:14.000,2026-05-01 00:00:00.000,2026-05-01 00:00:00.000,"2900826",Mada-2900826,4579,SAR,SA,MANUAL,Vend
499306,35359,Success, ,2026-05-15 20:08:15.000,2026-05-01 00:00:00.000,2026-05-01 00:00:00.000,"2900826",Cash-2900826,6640,SAR,SA,MANUAL,Vend
499307,35359,Success, ,2026-05-15 20:08:15.000,2026-05-01 00:00:00.000,2026-05-01 00:00:00.000,"2900830",Mada-2900830,4315,SAR,SA,MANUAL,Vend
499308,35359,Success, ,2026-05-15 20:08:15.000,2026-05-01 00:00:00.000,2026-05-01 00:00:00.000,"2900826",Visa-2900826,1343,SAR,SA,MANUAL,Vend
499310,35359,Success, ,2026-05-15 20:08:16.000,2026-05-01 00:00:00.000,2026-05-01 00:00:00.000,"2900826",Master-2900826,1082,SAR,SA,MANUAL,Vend
499311,35359,Success, ,2026-05-15 20:08:16.000,2026-05-01 00:00:00.000,2026-05-01 00:00:00.000,"2900830",Visa-2900830,1680,SAR,SA,MANUAL,Vend
499263,35359,Success, ,2026-05-15 20:07:25.000,2026-05-01 00:00:00.000,2026-05-01 00:00:00.000,"2900823",Visa-2900823,3520,SAR,SA,MANUAL,Vend
499264,35359,Success, ,2026-05-15 20:07:25.000,2026-05-01 00:00:00.000,2026-05-01 00:00:00.000,"2900823",Master-2900823,892,SAR,SA,MANUAL,Vend
499265,35359,Success, ,2026-05-15 20:07:28.000,2026-05-01 00:00:00.000,2026-05-01 00:00:00.000,"2902192",Mada-2902192,5332,SAR,SA,MANUAL,Vend
499266,35359,Success, ,2026-05-15 20:07:29.000,2026-05-01 00:00:00.000,2026-05-01 00:00:00.000,"2902192",Cash-2902192,788,SAR,SA,MANUAL,Vend
499267,35359,Success, ,2026-05-15 20:07:29.000,2026-05-01 00:00:00.000,2026-05-01 00:00:00.000,"2902192",Visa-2902192,1356,SAR,SA,MANUAL,Vend
499268,35359,Success, ,2026-05-15 20:07:30.000,2026-05-01 00:00:00.000,2026-05-01 00:00:00.000,"2902192",Master-2902192,997,SAR,SA,MANUAL,Vend
499271,35359,Success, ,2026-05-15 20:07:32.000,2026-05-01 00:00:00.000,2026-05-01 00:00:00.000,"2902193",Visa-2902193,115,SAR,SA,MANUAL,Vend
499274,35359,Success, ,2026-05-15 20:07:38.000,2026-05-01 00:00:00.000,2026-05-01 00:00:00.000,"2900822",Visa-2900822,1189,SAR,SA,MANUAL,Vend
499275,35359,Success, ,2026-05-15 20:07:39.000,2026-05-01 00:00:00.000,2026-05-01 00:00:00.000,"2900822",Master-2900822,1563,SAR,SA,MANUAL,Vend
499276,35359,Success, ,2026-05-15 20:07:54.000,2026-05-01 00:00:00.000,2026-05-01 00:00:00.000,"2902196",Mada-2902196,3356.24,SAR,SA,MANUAL,Vend
499277,35359,Success, ,2026-05-15 20:07:55.000,2026-05-01 00:00:00.000,2026-05-01 00:00:00.000,"2902196",Cash-2902196,1672.15,SAR,SA,MANUAL,Vend
499278,35359,Success, ,2026-05-15 20:07:55.000,2026-05-01 00:00:00.000,2026-05-01 00:00:00.000,"2902196",Master-2902196,498.05,SAR,SA,MANUAL,Vend
499279,35359,Success, ,2026-05-15 20:08:00.000,2026-05-01 00:00:00.000,2026-05-01 00:00:00.000,"2900824",Mada-2900824,2797,SAR,SA,MANUAL,Vend
499280,35359,Success, ,2026-05-15 20:08:01.000,2026-05-01 00:00:00.000,2026-05-01 00:00:00.000,"2900824",Cash-2900824,783,SAR,SA,MANUAL,Vend
499282,35359,Success, ,2026-05-15 20:08:01.000,2026-05-01 00:00:00.000,2026-05-01 00:00:00.000,"2900824",Master-2900824,199,SAR,SA,MANUAL,Vend
499283,35359,Success, ,2026-05-15 20:08:06.000,2026-05-01 00:00:00.000,2026-05-01 00:00:00.000,"2900825",Mada-2900825,3678,SAR,SA,MANUAL,Vend
499285,35359,Success, ,2026-05-15 20:08:07.000,2026-05-01 00:00:00.000,2026-05-01 00:00:00.000,"2900825",Visa-2900825,817,SAR,SA,MANUAL,Vend
499286,35359,Success, ,2026-05-15 20:08:07.000,2026-05-01 00:00:00.000,2026-05-01 00:00:00.000,"2900825",Master-2900825,393,SAR,SA,MANUAL,Vend
499309,35359,Success, ,2026-05-15 20:08:15.000,2026-05-01 00:00:00.000,2026-05-01 00:00:00.000,"2900830",Cash-2900830,1552,SAR,SA,MANUAL,Vend
499312,35359,Success, ,2026-05-15 20:08:16.000,2026-05-01 00:00:00.000,2026-05-01 00:00:00.000,"2900830",Master-2900830,1211,SAR,SA,MANUAL,Vend
504764,35637,Success, ,2026-06-01 11:09:18.000,2026-05-01 00:00:00.000,2026-05-01 00:00:00.000,"2909470",Mada-2909470,2315,SAR,SA,MANUAL,Vend
504765,35637,Success, ,2026-06-01 11:09:18.000,2026-05-01 00:00:00.000,2026-05-01 00:00:00.000,"2909470",Cash-2909470,3580,SAR,SA,MANUAL,Vend
504766,35637,Success, ,2026-06-01 11:09:18.000,2026-05-01 00:00:00.000,2026-05-01 00:00:00.000,"2909470",Visa-2909470,3694,SAR,SA,MANUAL,Vend
504767,35637,Success, ,2026-06-01 11:09:20.000,2026-05-01 00:00:00.000,2026-05-01 00:00:00.000,"2909470",Master-2909470,3088,SAR,SA,MANUAL,Vend
504768,35637,Success, ,2026-06-01 11:09:24.000,2026-05-01 00:00:00.000,2026-05-01 00:00:00.000,"2909472",Mada-2909472,2540,SAR,SA,MANUAL,Vend
504769,35637,Success, ,2026-06-01 11:09:24.000,2026-05-01 00:00:00.000,2026-05-01 00:00:00.000,"2909472",Cash-2909472,3548,SAR,SA,MANUAL,Vend
504770,35637,Success, ,2026-06-01 11:09:25.000,2026-05-01 00:00:00.000,2026-05-01 00:00:00.000,"2909472",Visa-2909472,4771,SAR,SA,MANUAL,Vend
504771,35637,Success, ,2026-06-01 11:09:25.000,2026-05-01 00:00:00.000,2026-05-01 00:00:00.000,"2909472",Master-2909472,797,SAR,SA,MANUAL,Vend
504772,35637,Success, ,2026-06-01 11:09:38.000,2026-05-01 00:00:00.000,2026-05-01 00:00:00.000,"2910468",Mada-2910468,14855,SAR,SA,MANUAL,Vend
504773,35637,Success, ,2026-06-01 11:09:38.000,2026-05-01 00:00:00.000,2026-05-01 00:00:00.000,"2910468",Cash-2910468,791,SAR,SA,MANUAL,Vend
504774,35637,Success, ,2026-06-01 11:09:39.000,2026-05-01 00:00:00.000,2026-05-01 00:00:00.000,"2910468",Visa-2910468,1255,SAR,SA,MANUAL,Vend
504775,35637,Success, ,2026-06-01 11:09:39.000,2026-05-01 00:00:00.000,2026-05-01 00:00:00.000,"2910468",Master-2910468,1194,SAR,SA,MANUAL,Vend
504776,35637,Success, ,2026-06-01 11:09:58.000,2026-05-01 00:00:00.000,2026-05-01 00:00:00.000,"2910467",Mada-2910467,4120,SAR,SA,MANUAL,Vend
504777,35637,Success, ,2026-06-01 11:09:58.000,2026-05-01 00:00:00.000,2026-05-01 00:00:00.000,"2910467",Cash-2910467,945,SAR,SA,MANUAL,Vend
504778,35637,Success, ,2026-06-01 11:09:59.000,2026-05-01 00:00:00.000,2026-05-01 00:00:00.000,"2909474",Mada-2909474,2018.18,SAR,SA,MANUAL,Vend
504779,35637,Success, ,2026-06-01 11:09:59.000,2026-05-01 00:00:00.000,2026-05-01 00:00:00.000,"2910467",Visa-2910467,855,SAR,SA,MANUAL,Vend
504780,35637,Success, ,2026-06-01 11:09:59.000,2026-05-01 00:00:00.000,2026-05-01 00:00:00.000,"2909474",Cash-2909474,2034.3,SAR,SA,MANUAL,Vend
504781,35637,Success, ,2026-06-01 11:10:00.000,2026-05-01 00:00:00.000,2026-05-01 00:00:00.000,"2909474",Visa-2909474,1082.09,SAR,SA,MANUAL,Vend
504782,35637,Success, ,2026-06-01 11:10:00.000,2026-05-01 00:00:00.000,2026-05-01 00:00:00.000,"2909474",Master-2909474,1499.14,SAR,SA,MANUAL,Vend
504783,35637,Success, ,2026-06-01 11:10:04.000,2026-05-01 00:00:00.000,2026-05-01 00:00:00.000,"2909475",Mada-2909475,4904,SAR,SA,MANUAL,Vend
504784,35637,Success, ,2026-06-01 11:10:04.000,2026-05-01 00:00:00.000,2026-05-01 00:00:00.000,"2909475",Cash-2909475,857,SAR,SA,MANUAL,Vend
504785,35637,Success, ,2026-06-01 11:10:05.000,2026-05-01 00:00:00.000,2026-05-01 00:00:00.000,"2909475",Visa-2909475,1329,SAR,SA,MANUAL,Vend
504786,35637,Success, ,2026-06-01 11:10:06.000,2026-05-01 00:00:00.000,2026-05-01 00:00:00.000,"2910469",Mada-2910469,6696,SAR,SA,MANUAL,Vend
504787,35637,Success, ,2026-06-01 11:10:06.000,2026-05-01 00:00:00.000,2026-05-01 00:00:00.000,"2910469",Cash-2910469,2763,SAR,SA,MANUAL,Vend
504788,35637,Success, ,2026-06-01 11:10:07.000,2026-05-01 00:00:00.000,2026-05-01 00:00:00.000,"2910469",Visa-2910469,1363,SAR,SA,MANUAL,Vend
504789,35637,Success, ,2026-06-01 11:10:07.000,2026-05-01 00:00:00.000,2026-05-01 00:00:00.000,"2910469",Master-2910469,759,SAR,SA,MANUAL,Vend
504790,35637,Success, ,2026-06-01 11:10:10.000,2026-05-01 00:00:00.000,2026-05-01 00:00:00.000,"2909473",Mada-2909473,6885,SAR,SA,MANUAL,Vend
504791,35637,Success, ,2026-06-01 11:10:10.000,2026-05-01 00:00:00.000,2026-05-01 00:00:00.000,"2909473",Cash-2909473,1227,SAR,SA,MANUAL,Vend
504792,35637,Success, ,2026-06-01 11:10:11.000,2026-05-01 00:00:00.000,2026-05-01 00:00:00.000,"2909473",Visa-2909473,199,SAR,SA,MANUAL,Vend
504793,35637,Success, ,2026-06-01 11:10:15.000,2026-05-01 00:00:00.000,2026-05-01 00:00:00.000,"2909477",Mada-2909477,4857,SAR,SA,MANUAL,Vend
504794,35637,Success, ,2026-06-01 11:10:15.000,2026-05-01 00:00:00.000,2026-05-01 00:00:00.000,"2909477",Cash-2909477,7178,SAR,SA,MANUAL,Vend
504795,35637,Success, ,2026-06-01 11:10:15.000,2026-05-01 00:00:00.000,2026-05-01 00:00:00.000,"2910470",Mada-2910470,3061,SAR,SA,MANUAL,Vend
504796,35637,Success, ,2026-06-01 11:10:16.000,2026-05-01 00:00:00.000,2026-05-01 00:00:00.000,"2909477",Visa-2909477,459,SAR,SA,MANUAL,Vend
504797,35637,Success, ,2026-06-01 11:10:16.000,2026-05-01 00:00:00.000,2026-05-01 00:00:00.000,"2910470",Cash-2910470,298,SAR,SA,MANUAL,Vend
504798,35637,Success, ,2026-06-01 11:10:16.000,2026-05-01 00:00:00.000,2026-05-01 00:00:00.000,"2910470",Visa-2910470,447,SAR,SA,MANUAL,Vend
504799,35637,Success, ,2026-06-01 11:10:21.000,2026-05-01 00:00:00.000,2026-05-01 00:00:00.000,"2909478",Mada-2909478,746,SAR,SA,MANUAL,Vend
504800,35637,Success, ,2026-06-01 11:10:21.000,2026-05-01 00:00:00.000,2026-05-01 00:00:00.000,"2909478",Cash-2909478,1032,SAR,SA,MANUAL,Vend
504801,35637,Success, ,2026-06-01 11:10:21.000,2026-05-01 00:00:00.000,2026-05-01 00:00:00.000,"2909478",Visa-2909478,2631,SAR,SA,MANUAL,Vend
504802,35637,Success, ,2026-06-01 11:10:22.000,2026-05-01 00:00:00.000,2026-05-01 00:00:00.000,"2909478",Master-2909478,1445,SAR,SA,MANUAL,Vend
504803,35637,Success, ,2026-06-01 11:10:25.000,2026-05-01 00:00:00.000,2026-05-01 00:00:00.000,"2909476",Mada-2909476,3466,SAR,SA,MANUAL,Vend
504804,35637,Success, ,2026-06-01 11:10:26.000,2026-05-01 00:00:00.000,2026-05-01 00:00:00.000,"2909476",Cash-2909476,527,SAR,SA,MANUAL,Vend
504805,35637,Success, ,2026-06-01 11:10:26.000,2026-05-01 00:00:00.000,2026-05-01 00:00:00.000,"2909476",Visa-2909476,1056,SAR,SA,MANUAL,Vend
504806,35637,Success, ,2026-06-01 11:10:27.000,2026-05-01 00:00:00.000,2026-05-01 00:00:00.000,"2909476",Master-2909476,499,SAR,SA,MANUAL,Vend
504807,35637,Success, ,2026-06-01 11:10:30.000,2026-05-01 00:00:00.000,2026-05-01 00:00:00.000,"2909479",Mada-2909479,4171,SAR,SA,MANUAL,Vend
504808,35637,Success, ,2026-06-01 11:10:31.000,2026-05-01 00:00:00.000,2026-05-01 00:00:00.000,"2909479",Cash-2909479,315,SAR,SA,MANUAL,Vend
504809,35637,Success, ,2026-06-01 11:10:32.000,2026-05-01 00:00:00.000,2026-05-01 00:00:00.000,"2909469",Mada-2909469,8372,SAR,SA,MANUAL,Vend
504810,35637,Success, ,2026-06-01 11:10:33.000,2026-05-01 00:00:00.000,2026-05-01 00:00:00.000,"2909469",Cash-2909469,1187,SAR,SA,MANUAL,Vend
504811,35637,Success, ,2026-06-01 11:10:33.000,2026-05-01 00:00:00.000,2026-05-01 00:00:00.000,"2909469",Visa-2909469,848,SAR,SA,MANUAL,Vend
504812,35637,Success, ,2026-06-01 11:10:33.000,2026-05-01 00:00:00.000,2026-05-01 00:00:00.000,"2909469",Master-2909469,1546,SAR,SA,MANUAL,Vend
504813,35637,Success, ,2026-06-01 11:10:33.000,2026-05-01 00:00:00.000,2026-05-01 00:00:00.000,"2909481",Mada-2909481,5169,SAR,SA,MANUAL,Vend
504814,35637,Success, ,2026-06-01 11:10:34.000,2026-05-01 00:00:00.000,2026-05-01 00:00:00.000,"2909481",Cash-2909481,3290,SAR,SA,MANUAL,Vend
504815,35637,Success, ,2026-06-01 11:10:34.000,2026-05-01 00:00:00.000,2026-05-01 00:00:00.000,"2909481",Visa-2909481,4750,SAR,SA,MANUAL,Vend
504816,35637,Success, ,2026-06-01 11:10:35.000,2026-05-01 00:00:00.000,2026-05-01 00:00:00.000,"2909481",Master-2909481,203,SAR,SA,MANUAL,Vend
504817,35638,Success, ,2026-06-01 11:14:21.000,2026-05-01 00:00:00.000,2026-05-01 00:00:00.000,"2909486",Mada-2909486,557,SAR,SA,MANUAL,Vend
504819,35638,Success, ,2026-06-01 11:14:28.000,2026-05-01 00:00:00.000,2026-05-01 00:00:00.000,"2909491",Cash-2909491,501,SAR,SA,MANUAL,Vend
504839,35638,Success, ,2026-06-01 11:15:06.000,2026-05-01 00:00:00.000,2026-05-01 00:00:00.000,"2909490",Master-2909490,99,SAR,SA,MANUAL,Vend
504847,35638,Success, ,2026-06-01 11:15:20.000,2026-05-01 00:00:00.000,2026-05-01 00:00:00.000,"2910479",Cash-2910479,310,SAR,SA,MANUAL,Vend
504848,35638,Success, ,2026-06-01 11:15:20.000,2026-05-01 00:00:00.000,2026-05-01 00:00:00.000,"2910479",Visa-2910479,498,SAR,SA,MANUAL,Vend
504849,35638,Success, ,2026-06-01 11:15:21.000,2026-05-01 00:00:00.000,2026-05-01 00:00:00.000,"2910479",Master-2910479,199,SAR,SA,MANUAL,Vend
504877,35639,Success, ,2026-06-01 11:21:00.000,2026-05-01 00:00:00.000,2026-05-01 00:00:00.000,"2909516",Mada-2909516,5527,SAR,SA,MANUAL,Vend
504878,35639,Success, ,2026-06-01 11:21:00.000,2026-05-01 00:00:00.000,2026-05-01 00:00:00.000,"2910492",Visa-2910492,1088,SAR,SA,MANUAL,Vend
504890,35639,Success, ,2026-06-01 11:21:26.000,2026-05-01 00:00:00.000,2026-05-01 00:00:00.000,"2909519",Mada-2909519,3843,SAR,SA,MANUAL,Vend
504891,35639,Success, ,2026-06-01 11:21:26.000,2026-05-01 00:00:00.000,2026-05-01 00:00:00.000,"2909519",Cash-2909519,897,SAR,SA,MANUAL,Vend
504892,35639,Success, ,2026-06-01 11:22:02.000,2026-05-01 00:00:00.000,2026-05-01 00:00:00.000,"2910491",Mada-2910491,3338,SAR,SA,MANUAL,Vend
504906,35639,Success, ,2026-06-01 11:22:10.000,2026-05-01 00:00:00.000,2026-05-01 00:00:00.000,"2910496",Visa-2910496,2551,SAR,SA,MANUAL,Vend
504907,35639,Success, ,2026-06-01 11:22:10.000,2026-05-01 00:00:00.000,2026-05-01 00:00:00.000,"2909521",Mada-2909521,4735,SAR,SA,MANUAL,Vend
504908,35639,Success, ,2026-06-01 11:22:10.000,2026-05-01 00:00:00.000,2026-05-01 00:00:00.000,"2910496",Master-2910496,10749,SAR,SA,MANUAL,Vend
504910,35639,Success, ,2026-06-01 11:22:11.000,2026-05-01 00:00:00.000,2026-05-01 00:00:00.000,"2909520",Mada-2909520,6814,SAR,SA,MANUAL,Vend
504914,35639,Success, ,2026-06-01 11:22:13.000,2026-05-01 00:00:00.000,2026-05-01 00:00:00.000,"2910499",Mada-2910499,6937,SAR,SA,MANUAL,Vend
504915,35639,Success, ,2026-06-01 11:22:13.000,2026-05-01 00:00:00.000,2026-05-01 00:00:00.000,"2909520",Master-2909520,299,SAR,SA,MANUAL,Vend
504916,35639,Success, ,2026-06-01 11:22:13.000,2026-05-01 00:00:00.000,2026-05-01 00:00:00.000,"2910499",Cash-2910499,3286,SAR,SA,MANUAL,Vend
504917,35639,Success, ,2026-06-01 11:22:13.000,2026-05-01 00:00:00.000,2026-05-01 00:00:00.000,"2909524",Mada-2909524,4254,SAR,SA,MANUAL,Vend
504918,35639,Success, ,2026-06-01 11:22:13.000,2026-05-01 00:00:00.000,2026-05-01 00:00:00.000,"2910499",Visa-2910499,1958,SAR,SA,MANUAL,Vend
504919,35639,Success, ,2026-06-01 11:22:13.000,2026-05-01 00:00:00.000,2026-05-01 00:00:00.000,"2909524",Cash-2909524,1407,SAR,SA,MANUAL,Vend
504920,35639,Success, ,2026-06-01 11:22:14.000,2026-05-01 00:00:00.000,2026-05-01 00:00:00.000,"2910499",Master-2910499,319,SAR,SA,MANUAL,Vend
504921,35639,Success, ,2026-06-01 11:22:14.000,2026-05-01 00:00:00.000,2026-05-01 00:00:00.000,"2909524",Visa-2909524,1330,SAR,SA,MANUAL,Vend
504923,35639,Success, ,2026-06-01 11:22:15.000,2026-05-01 00:00:00.000,2026-05-01 00:00:00.000,"2909522",Mada-2909522,4074,SAR,SA,MANUAL,Vend
504924,35639,Success, ,2026-06-01 11:22:15.000,2026-05-01 00:00:00.000,2026-05-01 00:00:00.000,"2910498",Cash-2910498,2623,SAR,SA,MANUAL,Vend
504925,35639,Success, ,2026-06-01 11:22:15.000,2026-05-01 00:00:00.000,2026-05-01 00:00:00.000,"2909522",Cash-2909522,3182,SAR,SA,MANUAL,Vend
505002,35641,Success, ,2026-06-01 11:51:47.000,2026-05-01 00:00:00.000,2026-05-01 00:00:00.000,"2909570",Cash-2909570,1950,SAR,SA,MANUAL,Vend
505003,35641,Success, ,2026-06-01 11:51:47.000,2026-05-01 00:00:00.000,2026-05-01 00:00:00.000,"2909570",Visa-2909570,2460,SAR,SA,MANUAL,Vend
505004,35641,Success, ,2026-06-01 11:51:48.000,2026-05-01 00:00:00.000,2026-05-01 00:00:00.000,"2909570",Master-2909570,1097,SAR,SA,MANUAL,Vend
505005,35641,Success, ,2026-06-01 11:52:04.000,2026-05-01 00:00:00.000,2026-05-01 00:00:00.000,"2910517",Mada-2910517,3895,SAR,SA,MANUAL,Vend
505006,35641,Success, ,2026-06-01 11:52:04.000,2026-05-01 00:00:00.000,2026-05-01 00:00:00.000,"2910517",Cash-2910517,304,SAR,SA,MANUAL,Vend
504930,35640,Success, ,2026-06-01 11:46:20.000,2026-05-01 00:00:00.000,2026-05-01 00:00:00.000,"2909542",Cash-2909542,1005,SAR,SA,MANUAL,Vend
504931,35640,Success, ,2026-06-01 11:46:22.000,2026-05-01 00:00:00.000,2026-05-01 00:00:00.000,"2909533",Mada-2909533,477,SAR,SA,MANUAL,Vend
504947,35640,Success, ,2026-06-01 11:47:08.000,2026-05-01 00:00:00.000,2026-05-01 00:00:00.000,"2910504",Mada-2910504,4175,SAR,SA,MANUAL,Vend
504948,35640,Success, ,2026-06-01 11:47:09.000,2026-05-01 00:00:00.000,2026-05-01 00:00:00.000,"2910504",Cash-2910504,456,SAR,SA,MANUAL,Vend
504949,35640,Success, ,2026-06-01 11:47:11.000,2026-05-01 00:00:00.000,2026-05-01 00:00:00.000,"2909540",Mada-2909540,5147,SAR,SA,MANUAL,Vend
504950,35640,Success, ,2026-06-01 11:47:11.000,2026-05-01 00:00:00.000,2026-05-01 00:00:00.000,"2909540",Cash-2909540,603,SAR,SA,MANUAL,Vend
504951,35640,Success, ,2026-06-01 11:47:11.000,2026-05-01 00:00:00.000,2026-05-01 00:00:00.000,"2910506",Mada-2910506,4305,SAR,SA,MANUAL,Vend
504952,35640,Success, ,2026-06-01 11:47:12.000,2026-05-01 00:00:00.000,2026-05-01 00:00:00.000,"2909540",Visa-2909540,398,SAR,SA,MANUAL,Vend
504953,35640,Success, ,2026-06-01 11:47:12.000,2026-05-01 00:00:00.000,2026-05-01 00:00:00.000,"2910506",Cash-2910506,398,SAR,SA,MANUAL,Vend
504954,35640,Success, ,2026-06-01 11:47:12.000,2026-05-01 00:00:00.000,2026-05-01 00:00:00.000,"2910506",Visa-2910506,379,SAR,SA,MANUAL,Vend
505014,35641,Success, ,2026-06-01 11:52:15.000,2026-05-01 00:00:00.000,2026-05-01 00:00:00.000,"2909571",Visa-2909571,1410,SAR,SA,MANUAL,Vend
505015,35641,Success, ,2026-06-01 11:52:31.000,2026-05-01 00:00:00.000,2026-05-01 00:00:00.000,"2909573",Mada-2909573,6909,SAR,SA,MANUAL,Vend
505016,35641,Success, ,2026-06-01 11:52:31.000,2026-05-01 00:00:00.000,2026-05-01 00:00:00.000,"2909573",Visa-2909573,1063,SAR,SA,MANUAL,Vend
505017,35641,Success, ,2026-06-01 11:52:33.000,2026-05-01 00:00:00.000,2026-05-01 00:00:00.000,"2910524",Mada-2910524,5962,SAR,SA,MANUAL,Vend
505018,35641,Success, ,2026-06-01 11:52:34.000,2026-05-01 00:00:00.000,2026-05-01 00:00:00.000,"2910524",Cash-2910524,10751,SAR,SA,MANUAL,Vend
505019,35641,Success, ,2026-06-01 11:52:34.000,2026-05-01 00:00:00.000,2026-05-01 00:00:00.000,"2910524",Visa-2910524,1001,SAR,SA,MANUAL,Vend
505020,35641,Success, ,2026-06-01 11:52:34.000,2026-05-01 00:00:00.000,2026-05-01 00:00:00.000,"2910524",Master-2910524,99,SAR,SA,MANUAL,Vend
505021,35641,Success, ,2026-06-01 11:52:35.000,2026-05-01 00:00:00.000,2026-05-01 00:00:00.000,"2909575",Mada-2909575,5991,SAR,SA,MANUAL,Vend
505022,35641,Success, ,2026-06-01 11:52:35.000,2026-05-01 00:00:00.000,2026-05-01 00:00:00.000,"2909575",Cash-2909575,834,SAR,SA,MANUAL,Vend
505023,35641,Success, ,2026-06-01 11:52:36.000,2026-05-01 00:00:00.000,2026-05-01 00:00:00.000,"2910527",Mada-2910527,8316,SAR,SA,MANUAL,Vend
505024,35641,Success, ,2026-06-01 11:52:36.000,2026-05-01 00:00:00.000,2026-05-01 00:00:00.000,"2909575",Visa-2909575,1362,SAR,SA,MANUAL,Vend
505025,35641,Success, ,2026-06-01 11:52:36.000,2026-05-01 00:00:00.000,2026-05-01 00:00:00.000,"2910527",Cash-2910527,1697,SAR,SA,MANUAL,Vend
505026,35641,Success, ,2026-06-01 11:52:36.000,2026-05-01 00:00:00.000,2026-05-01 00:00:00.000,"2909575",Master-2909575,301,SAR,SA,MANUAL,Vend
505027,35641,Success, ,2026-06-01 11:52:36.000,2026-05-01 00:00:00.000,2026-05-01 00:00:00.000,"2910527",Visa-2910527,9672,SAR,SA,MANUAL,Vend
505028,35641,Success, ,2026-06-01 11:52:37.000,2026-05-01 00:00:00.000,2026-05-01 00:00:00.000,"2909577",Mada-2909577,12664,SAR,SA,MANUAL,Vend
505029,35641,Success, ,2026-06-01 11:52:37.000,2026-05-01 00:00:00.000,2026-05-01 00:00:00.000,"2910527",Master-2910527,1146,SAR,SA,MANUAL,Vend
505030,35641,Success, ,2026-06-01 11:52:37.000,2026-05-01 00:00:00.000,2026-05-01 00:00:00.000,"2909577",Cash-2909577,517,SAR,SA,MANUAL,Vend
505031,35641,Success, ,2026-06-01 11:52:37.000,2026-05-01 00:00:00.000,2026-05-01 00:00:00.000,"2909579",Mada-2909579,10132,SAR,SA,MANUAL,Vend
505032,35641,Success, ,2026-06-01 11:52:37.000,2026-05-01 00:00:00.000,2026-05-01 00:00:00.000,"2909577",Visa-2909577,1709,SAR,SA,MANUAL,Vend
505033,35641,Success, ,2026-06-01 11:52:38.000,2026-05-01 00:00:00.000,2026-05-01 00:00:00.000,"2909579",Cash-2909579,1281,SAR,SA,MANUAL,Vend
505034,35641,Success, ,2026-06-01 11:52:38.000,2026-05-01 00:00:00.000,2026-05-01 00:00:00.000,"2909577",Master-2909577,747,SAR,SA,MANUAL,Vend
505035,35641,Success, ,2026-06-01 11:52:38.000,2026-05-01 00:00:00.000,2026-05-01 00:00:00.000,"2909580",Mada-2909580,7495,SAR,SA,MANUAL,Vend
505036,35641,Success, ,2026-06-01 11:52:38.000,2026-05-01 00:00:00.000,2026-05-01 00:00:00.000,"2909579",Visa-2909579,2621,SAR,SA,MANUAL,Vend
505037,35641,Success, ,2026-06-01 11:52:38.000,2026-05-01 00:00:00.000,2026-05-01 00:00:00.000,"2909580",Cash-2909580,2069,SAR,SA,MANUAL,Vend
505038,35641,Success, ,2026-06-01 11:52:38.000,2026-05-01 00:00:00.000,2026-05-01 00:00:00.000,"2909579",Master-2909579,631,SAR,SA,MANUAL,Vend
505039,35641,Success, ,2026-06-01 11:52:39.000,2026-05-01 00:00:00.000,2026-05-01 00:00:00.000,"2909580",Visa-2909580,398,SAR,SA,MANUAL,Vend
505040,35641,Success, ,2026-06-01 11:52:39.000,2026-05-01 00:00:00.000,2026-05-01 00:00:00.000,"2909580",Master-2909580,359,SAR,SA,MANUAL,Vend
499261,35359,Success, ,2026-05-15 20:07:24.000,2026-05-01 00:00:00.000,2026-05-01 00:00:00.000,"2900823",Mada-2900823,942,SAR,SA,MANUAL,Vend
499262,35359,Success, ,2026-05-15 20:07:24.000,2026-05-01 00:00:00.000,2026-05-01 00:00:00.000,"2900823",Cash-2900823,1385,SAR,SA,MANUAL,Vend
499269,35359,Success, ,2026-05-15 20:07:31.000,2026-05-01 00:00:00.000,2026-05-01 00:00:00.000,"2902193",Mada-2902193,1783,SAR,SA,MANUAL,Vend
499356,35361,Success, ,2026-05-15 20:16:15.000,2026-05-01 00:00:00.000,2026-05-01 00:00:00.000,"2900859",Visa-2900859,313,SAR,SA,MANUAL,Vend
502850,35507,Success, ,2026-05-18 20:39:42.000,2026-05-01 00:00:00.000,2026-05-01 00:00:00.000,"2906371",Mada-2906371,2560,SAR,SA,MANUAL,Vend
502852,35507,Success, ,2026-05-18 20:39:43.000,2026-05-01 00:00:00.000,2026-05-01 00:00:00.000,"2906371",Visa-2906371,299,SAR,SA,MANUAL,Vend
502853,35507,Success, ,2026-05-18 20:39:47.000,2026-05-01 00:00:00.000,2026-05-01 00:00:00.000,"2906377",Mada-2906377,4342,SAR,SA,MANUAL,Vend
502854,35507,Success, ,2026-05-18 20:39:47.000,2026-05-01 00:00:00.000,2026-05-01 00:00:00.000,"2906377",Visa-2906377,1883,SAR,SA,MANUAL,Vend
502855,35507,Success, ,2026-05-18 20:39:48.000,2026-05-01 00:00:00.000,2026-05-01 00:00:00.000,"2906377",Master-2906377,198,SAR,SA,MANUAL,Vend
502856,35507,Success, ,2026-05-18 20:39:51.000,2026-05-01 00:00:00.000,2026-05-01 00:00:00.000,"2906378",Mada-2906378,2019,SAR,SA,MANUAL,Vend
502857,35507,Success, ,2026-05-18 20:39:52.000,2026-05-01 00:00:00.000,2026-05-01 00:00:00.000,"2906378",Cash-2906378,1876,SAR,SA,MANUAL,Vend
502858,35507,Success, ,2026-05-18 20:39:52.000,2026-05-01 00:00:00.000,2026-05-01 00:00:00.000,"2906378",Visa-2906378,1737,SAR,SA,MANUAL,Vend
502859,35507,Success, ,2026-05-18 20:39:52.000,2026-05-01 00:00:00.000,2026-05-01 00:00:00.000,"2905621",Mada-2905621,1821,SAR,SA,MANUAL,Vend
502860,35507,Success, ,2026-05-18 20:39:53.000,2026-05-01 00:00:00.000,2026-05-01 00:00:00.000,"2906378",Master-2906378,658,SAR,SA,MANUAL,Vend
502861,35507,Success, ,2026-05-18 20:39:53.000,2026-05-01 00:00:00.000,2026-05-01 00:00:00.000,"2905621",Cash-2905621,298,SAR,SA,MANUAL,Vend
502862,35507,Success, ,2026-05-18 20:39:53.000,2026-05-01 00:00:00.000,2026-05-01 00:00:00.000,"2905621",Visa-2905621,399,SAR,SA,MANUAL,Vend
502863,35507,Success, ,2026-05-18 20:39:59.000,2026-05-01 00:00:00.000,2026-05-01 00:00:00.000,"2906380",Mada-2906380,3355,SAR,SA,MANUAL,Vend
502864,35507,Success, ,2026-05-18 20:39:59.000,2026-05-01 00:00:00.000,2026-05-01 00:00:00.000,"2906380",Cash-2906380,1145,SAR,SA,MANUAL,Vend
502996,35521,Success, ,2026-05-19 13:28:18.000,2026-05-01 00:00:00.000,2026-05-01 00:00:00.000,"2906451",Mada-2906451,2098,SAR,SA,MANUAL,Vend
502997,35521,Success, ,2026-05-19 13:28:18.000,2026-05-01 00:00:00.000,2026-05-01 00:00:00.000,"2906451",Cash-2906451,258,SAR,SA,MANUAL,Vend
502998,35521,Success, ,2026-05-19 13:28:19.000,2026-05-01 00:00:00.000,2026-05-01 00:00:00.000,"2906451",Visa-2906451,199,SAR,SA,MANUAL,Vend
502999,35521,Success, ,2026-05-19 13:28:33.000,2026-05-01 00:00:00.000,2026-05-01 00:00:00.000,"2906452",Mada-2906452,6059,SAR,SA,MANUAL,Vend
503000,35521,Success, ,2026-05-19 13:28:34.000,2026-05-01 00:00:00.000,2026-05-01 00:00:00.000,"2906452",Cash-2906452,5882,SAR,SA,MANUAL,Vend
503001,35521,Success, ,2026-05-19 13:28:34.000,2026-05-01 00:00:00.000,2026-05-01 00:00:00.000,"2905670",Mada-2905670,13056,SAR,SA,MANUAL,Vend
503002,35521,Success, ,2026-05-19 13:28:34.000,2026-05-01 00:00:00.000,2026-05-01 00:00:00.000,"2906452",Visa-2906452,344,SAR,SA,MANUAL,Vend
503003,35521,Success, ,2026-05-19 13:28:35.000,2026-05-01 00:00:00.000,2026-05-01 00:00:00.000,"2905670",Cash-2905670,11249,SAR,SA,MANUAL,Vend
503004,35521,Success, ,2026-05-19 13:28:35.000,2026-05-01 00:00:00.000,2026-05-01 00:00:00.000,"2906452",Master-2906452,598,SAR,SA,MANUAL,Vend
503005,35521,Success, ,2026-05-19 13:28:35.000,2026-05-01 00:00:00.000,2026-05-01 00:00:00.000,"2905670",Visa-2905670,6372,SAR,SA,MANUAL,Vend
503007,35521,Success, ,2026-05-19 13:28:55.000,2026-05-01 00:00:00.000,2026-05-01 00:00:00.000,"2906454",Mada-2906454,5071,SAR,SA,MANUAL,Vend
503008,35521,Success, ,2026-05-19 13:28:56.000,2026-05-01 00:00:00.000,2026-05-01 00:00:00.000,"2906453",Mada-2906453,5416,SAR,SA,MANUAL,Vend
503009,35521,Success, ,2026-05-19 13:28:56.000,2026-05-01 00:00:00.000,2026-05-01 00:00:00.000,"2906454",Cash-2906454,1520,SAR,SA,MANUAL,Vend
503010,35521,Success, ,2026-05-19 13:28:56.000,2026-05-01 00:00:00.000,2026-05-01 00:00:00.000,"2906453",Cash-2906453,701,SAR,SA,MANUAL,Vend
503011,35521,Success, ,2026-05-19 13:28:56.000,2026-05-01 00:00:00.000,2026-05-01 00:00:00.000,"2906454",Visa-2906454,75,SAR,SA,MANUAL,Vend
503012,35521,Success, ,2026-05-19 13:28:57.000,2026-05-01 00:00:00.000,2026-05-01 00:00:00.000,"2906453",Visa-2906453,1121,SAR,SA,MANUAL,Vend
503013,35521,Success, ,2026-05-19 13:28:57.000,2026-05-01 00:00:00.000,2026-05-01 00:00:00.000,"2906453",Master-2906453,199,SAR,SA,MANUAL,Vend
503014,35521,Success, ,2026-05-19 13:28:59.000,2026-05-01 00:00:00.000,2026-05-01 00:00:00.000,"2905671",Mada-2905671,10142,SAR,SA,MANUAL,Vend
503015,35521,Success, ,2026-05-19 13:28:59.000,2026-05-01 00:00:00.000,2026-05-01 00:00:00.000,"2906457",Mada-2906457,7229,SAR,SA,MANUAL,Vend
503016,35521,Success, ,2026-05-19 13:28:59.000,2026-05-01 00:00:00.000,2026-05-01 00:00:00.000,"2905671",Cash-2905671,5808,SAR,SA,MANUAL,Vend
503017,35521,Success, ,2026-05-19 13:28:59.000,2026-05-01 00:00:00.000,2026-05-01 00:00:00.000,"2906457",AMEX-2906457,1086,SAR,SA,MANUAL,Vend
503018,35521,Success, ,2026-05-19 13:28:59.000,2026-05-01 00:00:00.000,2026-05-01 00:00:00.000,"2905671",Visa-2905671,15975,SAR,SA,MANUAL,Vend
503019,35521,Success, ,2026-05-19 13:28:59.000,2026-05-01 00:00:00.000,2026-05-01 00:00:00.000,"2906457",Cash-2906457,505,SAR,SA,MANUAL,Vend
503020,35521,Success, ,2026-05-19 13:29:00.000,2026-05-01 00:00:00.000,2026-05-01 00:00:00.000,"2905671",Master-2905671,5918,SAR,SA,MANUAL,Vend
503021,35521,Success, ,2026-05-19 13:29:00.000,2026-05-01 00:00:00.000,2026-05-01 00:00:00.000,"2906457",Visa-2906457,3951,SAR,SA,MANUAL,Vend
503022,35521,Success, ,2026-05-19 13:29:00.000,2026-05-01 00:00:00.000,2026-05-01 00:00:00.000,"2906457",Master-2906457,1791,SAR,SA,MANUAL,Vend
499314,35360,Success, ,2026-05-15 20:15:11.000,2026-05-01 00:00:00.000,2026-05-01 00:00:00.000,"2900846",Cash-2900846,1837,SAR,SA,MANUAL,Vend
499321,35360,Success, ,2026-05-15 20:15:38.000,2026-05-01 00:00:00.000,2026-05-01 00:00:00.000,"2900848",Cash-2900848,1093,SAR,SA,MANUAL,Vend
499322,35360,Success, ,2026-05-15 20:15:38.000,2026-05-01 00:00:00.000,2026-05-01 00:00:00.000,"2900848",Visa-2900848,903,SAR,SA,MANUAL,Vend
499323,35360,Success, ,2026-05-15 20:15:39.000,2026-05-01 00:00:00.000,2026-05-01 00:00:00.000,"2900848",Master-2900848,902,SAR,SA,MANUAL,Vend
499324,35360,Success, ,2026-05-15 20:15:43.000,2026-05-01 00:00:00.000,2026-05-01 00:00:00.000,"2902210",Mada-2902210,1638,SAR,SA,MANUAL,Vend
499325,35360,Success, ,2026-05-15 20:15:43.000,2026-05-01 00:00:00.000,2026-05-01 00:00:00.000,"2902210",Visa-2902210,343,SAR,SA,MANUAL,Vend
499326,35360,Success, ,2026-05-15 20:15:47.000,2026-05-01 00:00:00.000,2026-05-01 00:00:00.000,"2902205",Mada-2902205,1221,SAR,SA,MANUAL,Vend
499327,35360,Success, ,2026-05-15 20:15:48.000,2026-05-01 00:00:00.000,2026-05-01 00:00:00.000,"2902205",Cash-2902205,50,SAR,SA,MANUAL,Vend
499328,35360,Success, ,2026-05-15 20:15:48.000,2026-05-01 00:00:00.000,2026-05-01 00:00:00.000,"2902205",Visa-2902205,1194,SAR,SA,MANUAL,Vend
499329,35360,Success, ,2026-05-15 20:15:48.000,2026-05-01 00:00:00.000,2026-05-01 00:00:00.000,"2900847",Mada-2900847,5184,SAR,SA,MANUAL,Vend
499330,35360,Success, ,2026-05-15 20:15:49.000,2026-05-01 00:00:00.000,2026-05-01 00:00:00.000,"2900847",Cash-2900847,667,SAR,SA,MANUAL,Vend
499331,35360,Success, ,2026-05-15 20:15:49.000,2026-05-01 00:00:00.000,2026-05-01 00:00:00.000,"2902206",Mada-2902206,2425,SAR,SA,MANUAL,Vend
499332,35360,Success, ,2026-05-15 20:15:49.000,2026-05-01 00:00:00.000,2026-05-01 00:00:00.000,"2900847",Visa-2900847,797,SAR,SA,MANUAL,Vend
499333,35360,Success, ,2026-05-15 20:15:50.000,2026-05-01 00:00:00.000,2026-05-01 00:00:00.000,"2902209",Mada-2902209,2240,SAR,SA,MANUAL,Vend
499334,35360,Success, ,2026-05-15 20:15:50.000,2026-05-01 00:00:00.000,2026-05-01 00:00:00.000,"2902206",Cash-2902206,1096,SAR,SA,MANUAL,Vend
499336,35360,Success, ,2026-05-15 20:15:52.000,2026-05-01 00:00:00.000,2026-05-01 00:00:00.000,"2900845",Mada-2900845,2898,SAR,SA,MANUAL,Vend
499337,35360,Success, ,2026-05-15 20:15:52.000,2026-05-01 00:00:00.000,2026-05-01 00:00:00.000,"2900845",Cash-2900845,1380,SAR,SA,MANUAL,Vend
499313,35360,Success, ,2026-05-15 20:15:10.000,2026-05-01 00:00:00.000,2026-05-01 00:00:00.000,"2900846",Mada-2900846,3641,SAR,SA,MANUAL,Vend
499315,35360,Success, ,2026-05-15 20:15:12.000,2026-05-01 00:00:00.000,2026-05-01 00:00:00.000,"2900846",Visa-2900846,303,SAR,SA,MANUAL,Vend
499316,35360,Success, ,2026-05-15 20:15:13.000,2026-05-01 00:00:00.000,2026-05-01 00:00:00.000,"2900846",Master-2900846,398,SAR,SA,MANUAL,Vend
499317,35360,Success, ,2026-05-15 20:15:32.000,2026-05-01 00:00:00.000,2026-05-01 00:00:00.000,"2902208",Mada-2902208,3664,SAR,SA,MANUAL,Vend
499318,35360,Success, ,2026-05-15 20:15:32.000,2026-05-01 00:00:00.000,2026-05-01 00:00:00.000,"2902208",Cash-2902208,486,SAR,SA,MANUAL,Vend
499319,35360,Success, ,2026-05-15 20:15:32.000,2026-05-01 00:00:00.000,2026-05-01 00:00:00.000,"2902208",Visa-2902208,298,SAR,SA,MANUAL,Vend
499320,35360,Success, ,2026-05-15 20:15:38.000,2026-05-01 00:00:00.000,2026-05-01 00:00:00.000,"2900848",Mada-2900848,5291,SAR,SA,MANUAL,Vend
499335,35360,Success, ,2026-05-15 20:15:50.000,2026-05-01 00:00:00.000,2026-05-01 00:00:00.000,"2902206",Visa-2902206,626,SAR,SA,MANUAL,Vend
499338,35360,Success, ,2026-05-15 20:15:52.000,2026-05-01 00:00:00.000,2026-05-01 00:00:00.000,"2900845",Visa-2900845,278,SAR,SA,MANUAL,Vend
499339,35360,Success, ,2026-05-15 20:15:53.000,2026-05-01 00:00:00.000,2026-05-01 00:00:00.000,"2900845",Master-2900845,99,SAR,SA,MANUAL,Vend
499340,35360,Success, ,2026-05-15 20:15:53.000,2026-05-01 00:00:00.000,2026-05-01 00:00:00.000,"2902207",Mada-2902207,3652,SAR,SA,MANUAL,Vend
499341,35360,Success, ,2026-05-15 20:15:53.000,2026-05-01 00:00:00.000,2026-05-01 00:00:00.000,"2900850",Mada-2900850,1928,SAR,SA,MANUAL,Vend
499342,35360,Success, ,2026-05-15 20:15:53.000,2026-05-01 00:00:00.000,2026-05-01 00:00:00.000,"2902207",Cash-2902207,3127,SAR,SA,MANUAL,Vend
499343,35360,Success, ,2026-05-15 20:15:54.000,2026-05-01 00:00:00.000,2026-05-01 00:00:00.000,"2900849",Mada-2900849,5559,SAR,SA,MANUAL,Vend
499344,35360,Success, ,2026-05-15 20:15:54.000,2026-05-01 00:00:00.000,2026-05-01 00:00:00.000,"2900850",Cash-2900850,3003,SAR,SA,MANUAL,Vend
499345,35360,Success, ,2026-05-15 20:15:54.000,2026-05-01 00:00:00.000,2026-05-01 00:00:00.000,"2902207",Visa-2902207,3312,SAR,SA,MANUAL,Vend
499346,35360,Success, ,2026-05-15 20:15:54.000,2026-05-01 00:00:00.000,2026-05-01 00:00:00.000,"2900849",Cash-2900849,210,SAR,SA,MANUAL,Vend
499347,35360,Success, ,2026-05-15 20:15:54.000,2026-05-01 00:00:00.000,2026-05-01 00:00:00.000,"2900850",Visa-2900850,573,SAR,SA,MANUAL,Vend
499348,35360,Success, ,2026-05-15 20:15:54.000,2026-05-01 00:00:00.000,2026-05-01 00:00:00.000,"2902207",Master-2902207,886,SAR,SA,MANUAL,Vend
499349,35360,Success, ,2026-05-15 20:15:54.000,2026-05-01 00:00:00.000,2026-05-01 00:00:00.000,"2900849",Visa-2900849,1126,SAR,SA,MANUAL,Vend
499350,35360,Success, ,2026-05-15 20:15:55.000,2026-05-01 00:00:00.000,2026-05-01 00:00:00.000,"2900849",Master-2900849,105,SAR,SA,MANUAL,Vend
499351,35361,Success, ,2026-05-15 20:16:10.000,2026-05-01 00:00:00.000,2026-05-01 00:00:00.000,"2900858",Mada-2900858,2389,SAR,SA,MANUAL,Vend
499352,35361,Success, ,2026-05-15 20:16:10.000,2026-05-01 00:00:00.000,2026-05-01 00:00:00.000,"2900858",Cash-2900858,448,SAR,SA,MANUAL,Vend
499353,35361,Success, ,2026-05-15 20:16:11.000,2026-05-01 00:00:00.000,2026-05-01 00:00:00.000,"2900858",Visa-2900858,996,SAR,SA,MANUAL,Vend
499354,35361,Success, ,2026-05-15 20:16:14.000,2026-05-01 00:00:00.000,2026-05-01 00:00:00.000,"2900859",Mada-2900859,2039,SAR,SA,MANUAL,Vend
499355,35361,Success, ,2026-05-15 20:16:14.000,2026-05-01 00:00:00.000,2026-05-01 00:00:00.000,"2900859",Cash-2900859,649,SAR,SA,MANUAL,Vend
499357,35361,Success, ,2026-05-15 20:16:15.000,2026-05-01 00:00:00.000,2026-05-01 00:00:00.000,"2900859",Master-2900859,598,SAR,SA,MANUAL,Vend
499358,35361,Success, ,2026-05-15 20:16:19.000,2026-05-01 00:00:00.000,2026-05-01 00:00:00.000,"2900860",Mada-2900860,1555,SAR,SA,MANUAL,Vend
499359,35361,Success, ,2026-05-15 20:16:20.000,2026-05-01 00:00:00.000,2026-05-01 00:00:00.000,"2900860",Cash-2900860,5965,SAR,SA,MANUAL,Vend
499360,35361,Success, ,2026-05-15 20:16:20.000,2026-05-01 00:00:00.000,2026-05-01 00:00:00.000,"2900860",Visa-2900860,5594,SAR,SA,MANUAL,Vend
499361,35361,Success, ,2026-05-15 20:16:20.000,2026-05-01 00:00:00.000,2026-05-01 00:00:00.000,"2900860",Master-2900860,2798,SAR,SA,MANUAL,Vend
499362,35361,Success, ,2026-05-15 20:16:21.000,2026-05-01 00:00:00.000,2026-05-01 00:00:00.000,"2900861",Mada-2900861,3355,SAR,SA,MANUAL,Vend
499363,35361,Success, ,2026-05-15 20:16:21.000,2026-05-01 00:00:00.000,2026-05-01 00:00:00.000,"2900861",Cash-2900861,3092,SAR,SA,MANUAL,Vend
499364,35361,Success, ,2026-05-15 20:16:22.000,2026-05-01 00:00:00.000,2026-05-01 00:00:00.000,"2900861",Master-2900861,225,SAR,SA,MANUAL,Vend
502865,35507,Success, ,2026-05-18 20:40:00.000,2026-05-01 00:00:00.000,2026-05-01 00:00:00.000,"2906379",Mada-2906379,3879,SAR,SA,MANUAL,Vend
502866,35507,Success, ,2026-05-18 20:40:00.000,2026-05-01 00:00:00.000,2026-05-01 00:00:00.000,"2906380",Visa-2906380,199,SAR,SA,MANUAL,Vend
502867,35507,Success, ,2026-05-18 20:40:00.000,2026-05-01 00:00:00.000,2026-05-01 00:00:00.000,"2906379",Cash-2906379,747,SAR,SA,MANUAL,Vend
502874,35508,Success, ,2026-05-19 10:07:42.000,2026-05-01 00:00:00.000,2026-05-01 00:00:00.000,"2906387",Mada-2906387,2484,SAR,SA,MANUAL,Vend
502875,35508,Success, ,2026-05-19 10:07:43.000,2026-05-01 00:00:00.000,2026-05-01 00:00:00.000,"2906387",Cash-2906387,360,SAR,SA,MANUAL,Vend
502876,35508,Success, ,2026-05-19 10:07:43.000,2026-05-01 00:00:00.000,2026-05-01 00:00:00.000,"2906387",Visa-2906387,892,SAR,SA,MANUAL,Vend
502906,35508,Success, ,2026-05-19 10:09:20.000,2026-05-01 00:00:00.000,2026-05-01 00:00:00.000,"2906401",Cash-2906401,498,SAR,SA,MANUAL,Vend
502907,35508,Success, ,2026-05-19 10:09:20.000,2026-05-01 00:00:00.000,2026-05-01 00:00:00.000,"2906401",Visa-2906401,858,SAR,SA,MANUAL,Vend
502908,35508,Success, ,2026-05-19 10:09:21.000,2026-05-01 00:00:00.000,2026-05-01 00:00:00.000,"2905634",Mada-2905634,7701,SAR,SA,MANUAL,Vend
502909,35508,Success, ,2026-05-19 10:09:21.000,2026-05-01 00:00:00.000,2026-05-01 00:00:00.000,"2905634",Cash-2905634,6030,SAR,SA,MANUAL,Vend
502910,35508,Success, ,2026-05-19 10:09:21.000,2026-05-01 00:00:00.000,2026-05-01 00:00:00.000,"2905634",Visa-2905634,1493,SAR,SA,MANUAL,Vend
502911,35508,Success, ,2026-05-19 10:09:22.000,2026-05-01 00:00:00.000,2026-05-01 00:00:00.000,"2905635",Mada-2905635,3690,SAR,SA,MANUAL,Vend
502984,35521,Success, ,2026-05-19 13:27:50.000,2026-05-01 00:00:00.000,2026-05-01 00:00:00.000,"2906450",Mada-2906450,9263,SAR,SA,MANUAL,Vend
502985,35521,Success, ,2026-05-19 13:27:50.000,2026-05-01 00:00:00.000,2026-05-01 00:00:00.000,"2906450",Cash-2906450,428,SAR,SA,MANUAL,Vend
502986,35521,Success, ,2026-05-19 13:27:51.000,2026-05-01 00:00:00.000,2026-05-01 00:00:00.000,"2906450",Visa-2906450,199,SAR,SA,MANUAL,Vend
502987,35521,Success, ,2026-05-19 13:27:51.000,2026-05-01 00:00:00.000,2026-05-01 00:00:00.000,"2906450",Master-2906450,327,SAR,SA,MANUAL,Vend
502988,35521,Success, ,2026-05-19 13:28:08.000,2026-05-01 00:00:00.000,2026-05-01 00:00:00.000,"2906455",Mada-2906455,820,SAR,SA,MANUAL,Vend
502989,35521,Success, ,2026-05-19 13:28:09.000,2026-05-01 00:00:00.000,2026-05-01 00:00:00.000,"2906455",Cash-2906455,1028,SAR,SA,MANUAL,Vend
502990,35521,Success, ,2026-05-19 13:28:09.000,2026-05-01 00:00:00.000,2026-05-01 00:00:00.000,"2906455",Visa-2906455,40,SAR,SA,MANUAL,Vend
502991,35521,Success, ,2026-05-19 13:28:09.000,2026-05-01 00:00:00.000,2026-05-01 00:00:00.000,"2906456",Mada-2906456,2384,SAR,SA,MANUAL,Vend
502992,35521,Success, ,2026-05-19 13:28:10.000,2026-05-01 00:00:00.000,2026-05-01 00:00:00.000,"2906455",Master-2906455,398,SAR,SA,MANUAL,Vend
502993,35521,Success, ,2026-05-19 13:28:10.000,2026-05-01 00:00:00.000,2026-05-01 00:00:00.000,"2906456",Cash-2906456,229,SAR,SA,MANUAL,Vend
502994,35521,Success, ,2026-05-19 13:28:10.000,2026-05-01 00:00:00.000,2026-05-01 00:00:00.000,"2906456",Visa-2906456,717,SAR,SA,MANUAL,Vend
502995,35521,Success, ,2026-05-19 13:28:15.000,2026-05-01 00:00:00.000,2026-05-01 00:00:00.000,"2905668",Mada-2905668,2841,SAR,SA,MANUAL,Vend
503006,35521,Success, ,2026-05-19 13:28:35.000,2026-05-01 00:00:00.000,2026-05-01 00:00:00.000,"2905670",Master-2905670,3292,SAR,SA,MANUAL,Vend
502868,35507,Success, ,2026-05-18 20:40:00.000,2026-05-01 00:00:00.000,2026-05-01 00:00:00.000,"2906379",Visa-2906379,158,SAR,SA,MANUAL,Vend
502869,35507,Success, ,2026-05-18 20:40:07.000,2026-05-01 00:00:00.000,2026-05-01 00:00:00.000,"2906382",Mada-2906382,3494,SAR,SA,MANUAL,Vend
502870,35507,Success, ,2026-05-18 20:40:07.000,2026-05-01 00:00:00.000,2026-05-01 00:00:00.000,"2906382",Cash-2906382,829,SAR,SA,MANUAL,Vend
502871,35507,Success, ,2026-05-18 20:40:08.000,2026-05-01 00:00:00.000,2026-05-01 00:00:00.000,"2906382",Visa-2906382,341,SAR,SA,MANUAL,Vend
502918,35509,Success, ,2026-05-19 10:18:32.000,2026-05-01 00:00:00.000,2026-05-01 00:00:00.000,"2906410",Master-2906410,383,SAR,SA,MANUAL,Vend
502926,35509,Success, ,2026-05-19 10:18:49.000,2026-05-01 00:00:00.000,2026-05-01 00:00:00.000,"2906412",Master-2906412,398,SAR,SA,MANUAL,Vend
502953,35510,Success, ,2026-05-19 10:19:51.000,2026-05-01 00:00:00.000,2026-05-01 00:00:00.000,"2906424",Mada-2906424,1100,SAR,SA,MANUAL,Vend
502954,35510,Success, ,2026-05-19 10:19:51.000,2026-05-01 00:00:00.000,2026-05-01 00:00:00.000,"2906424",Cash-2906424,1166,SAR,SA,MANUAL,Vend
502955,35510,Success, ,2026-05-19 10:19:51.000,2026-05-01 00:00:00.000,2026-05-01 00:00:00.000,"2906424",Visa-2906424,797,SAR,SA,MANUAL,Vend
502956,35510,Success, ,2026-05-19 10:19:52.000,2026-05-01 00:00:00.000,2026-05-01 00:00:00.000,"2906424",Master-2906424,65,SAR,SA,MANUAL,Vend
502957,35510,Success, ,2026-05-19 10:19:54.000,2026-05-01 00:00:00.000,2026-05-01 00:00:00.000,"2905651",Mada-2905651,1672.06,SAR,SA,MANUAL,Vend
502959,35510,Success, ,2026-05-19 10:19:55.000,2026-05-01 00:00:00.000,2026-05-01 00:00:00.000,"2905651",Visa-2905651,508.03,SAR,SA,MANUAL,Vend
502960,35510,Success, ,2026-05-19 10:19:55.000,2026-05-01 00:00:00.000,2026-05-01 00:00:00.000,"2905651",Master-2905651,498.03,SAR,SA,MANUAL,Vend
502961,35510,Success, ,2026-05-19 10:19:59.000,2026-05-01 00:00:00.000,2026-05-01 00:00:00.000,"2906425",Mada-2906425,2730,SAR,SA,MANUAL,Vend
502962,35510,Success, ,2026-05-19 10:19:59.000,2026-05-01 00:00:00.000,2026-05-01 00:00:00.000,"2906425",Visa-2906425,299,SAR,SA,MANUAL,Vend
502963,35510,Success, ,2026-05-19 10:20:00.000,2026-05-01 00:00:00.000,2026-05-01 00:00:00.000,"2906425",Master-2906425,1046,SAR,SA,MANUAL,Vend
